P56528	P56528
P56528	Q64244
P56528	P28907
P56545	P56545
P56545	Q13363
P56719	P56719
P56719	O43614
P56719	P58308
P56719	O43613
P56719	P56718
P56719	P58307
P56726	P56726
P56726	Q99835
P56740	P56740
P56937	P56937
P57678	P57678
P57789	P57789
P57789	Q3LS20
P57789	Q9JIS4
P57789	O95069
P57789	Q8HY88
P57789	Q920B6
P58295	P58295
P58295	Q9Y345
P58295	P48029
P58295	P48067
P58295	P28571
P58295	P28572
P58295	Q28039
P58295	Q99884
P58295	P31645
P58295	P31652
P58295	Q60857
P58295	Q9MYX0
P58295	P48066
P58295	P31646
P58295	P31649
P58295	P31650
P58295	Q9NSD5
P58295	Q01959
P58295	P23977
P58295	Q61327
P58295	Q7JHP9
P58295	Q9GJT6
P58295	Q9H2J7
P58295	O55192
P58295	F1LNR9
P58295	P23975
P58295	Q63380
P58295	Q9WTR4
P58295	P23978
P58295	P30531
P58295	P31648
P58295	P31641
P58295	P31651
P58295	P48065
P58335	P58335
P58389	P58389
P58406	P58406
P58406	Q865E1
P58406	Q9JI35
P58406	Q9QYN8
P58406	Q9Y5N1
P58406	Q91ZY3
P58406	Q9H3N8
P58406	Q91ZY1
P58406	Q91ZY2
P58681	P58681
P58681	B3Y652
P58681	Q9NYK1
P58681	Q9EQU3
P58681	Q9NR96
P58681	Q9NR97
P58873	P58873
P58873	Q8VC82
P59533	P59533
P59534	P59534
P59534	P59535
P59534	P59551
P59534	Q9NYW4
P59534	Q9NYW5
P59534	Q9NYW7
P59541	P59541
P59541	P59537
P59541	P59538
P59541	P59539
P59541	P59540
P59541	P59542
P59541	P59543
P59541	P59544
P59541	Q7RTR8
P59541	Q9NYW1
P59541	Q9NYW3
P59541	Q9NYW6
P59541	Q9NYV8
P59541	Q9NYV9
P59541	Q9NYW0
P59541	Q9NYW2
P59541	P59536
P59591	P59591
P60033	P60033
P60484	P60484
P60487	P60487
P60568	P60568
P60891	P60891
P60900	P60900
P61158	P61158
P61158	P61160
P61158	P68135
P61158	P60010
P61244	P61244
P61316	P61316
P61431	P61431
P61769	P61769
P61794	P61794
P61794	Q92633
P61794	Q9HBW0
P61794	Q9JL06
P61794	Q9UBY5
P61794	Q9H228
P61794	O95977
P61794	P48303
P61794	H9EUW9
P61794	O08530
P61794	P21453
P61794	W5VNF7
P61794	O95136
P61794	P47752
P61794	Q99500
P61812	P61812
P61812	P01137
P61964	P61964
P62136	P62136
P62136	P36873
P62136	P62139
P62166	P62166
P62166	Q9VWX8
P62330	P62330
P62575	P62575
P62623	P62623
P62623	Q9HVM7
P62623	O67625
P62826	P62826
P62826	O14966
P62877	P62877
P63165	P63165
P63165	P61956
P67870	P67870
P67870	P67871
P68402	P68402
P68402	Q61206
P68431	P68431
P68849	P68849
P68849	P08312
P69328	P69328
P69834	P69834
P70496	P70496
P70496	Q13393
P70496	O14939
P70605	P70605
P70605	P70604
P70605	P70606
P70605	Q92952
P70605	Q9H2S1
P70605	Q9UGI6
P70605	O15554
P71716	P71716
P71716	Q56950
P72355	P72355
P75906	P75906
P76558	P76558
P78317	P78317
P78325	P78325
P78325	Q13443
P78325	P83512
P78325	Q9I9R4
P78352	P78352
P78362	P78362
P78362	Q96SB4
P78362	O70551
P78417	P78417
P78540	P78540
P78540	P05089
P78540	P07824
P78540	Q2KJ64
P78540	Q61176
P78540	O96394
P78549	P78549
P78600	P78600
P78600	P16659
P79074	P79074
P79391	P79391
P80365	P80365
P80365	P37059
P80365	Q8VD48
P80365	Q9BPW9
P80366	P80366
P81072	P81072
P81172	P81172
P81277	P81277
P84022	P84022
P86926	P86926
P87108	P87108
P90518	P90518
P93836	P93836
P93836	O23920
P93836	P32754
P93836	P32755
P93836	Q02110
P93841	P93841
P95160	P95160
P96878	P96878
P96878	Q5TU56
P97313	P97313
P97639	P97639
P97639	B6F061
P97639	Q8JZL2
P97639	Q8MJ89
P97639	Q99705
P98082	P98082
P98161	P98161
P9WFF6	P9WFF6
P9WFF6	A0A080SPQ8
P9WFF6	V5VCK8
P9WFF6	Q7U0P8
P9WFK7	P9WFK7
P9WFV1	P9WFV1
P9WFV1	P07813
P9WFX0	P9WFX0
P9WFX0	Q9X9I8
P9WFX4	P9WFX4
P9WG49	P9WG49
P9WGR1	P9WGR1
P9WGU9	P9WGU9
P9WGZ1	P9WGZ1
P9WGZ1	P0A7Z4
P9WGZ1	P66706
P9WH09	P9WH09
P9WH10	P9WH10
P9WH75	P9WH75
P9WHE9	P9WHE9
P9WHH1	P9WHH1
P9WHH1	P0A9P4
P9WHH1	C4LW95
P9WHH8	P9WHH8
P9WHH8	P9WHH9
P9WHJ3	P9WHJ3
P9WHV7	P9WHV7
P9WIA1	P9WIA1
P9WIA1	P11064
P9WIA1	P24666
P9WIA1	P41498
P9WIA1	Q9D358
P9WIB9	P9WIB9
P9WIC1	P9WIC1
P9WIK2	P9WIK2
P9WIL5	P9WIL5
P9WIP3	P9WIP3
P9WIQ1	P9WIQ1
P9WIQ1	Q48485
P9WJ60	P9WJ60
P9WJF1	P9WJF1
P9WJM9	P9WJM9
P9WJN3	P9WJN3
P9WJN3	P9WJN1
P9WK16	P9WK16
P9WKD7	P9WKD7
P9WKE1	P9WKE1
P9WMK9	P9WMK9
P9WMN1	P9WMN1
P9WMR3	P9WMR3
P9WMR3	Q9AQH7
P9WNF7	P9WNF7
P9WNP5	P9WNP5
P9WNV1	P9WNV1
P9WNV1	Q9AIU7
P9WNW0	P9WNW0
P9WP25	P9WP25
P9WPA7	P9WPA7
P9WPJ9	P9WPJ9
P9WPL0	P9WPL0
P9WPN4	P9WPN4
P9WPN4	P9WPN5
P9WPP0	P9WPP0
P9WPP0	P9WPP1
P9WPP0	P9WPL4
P9WPX7	P9WPX7
P9WQ18	P9WQ18
P9WQ18	P94451
P9WQ77	P9WQ77
P9WQD7	P9WQD7
P9WQD7	P9WQD8
P9WQD7	P9WQD9
P9WQD7	Q5TKS0
P9WQN9	P9WQN9
P9WQP7	P9WQP7
Q00024	Q00024
Q00024	O42713
Q00194	Q00194
Q00610	Q00610
Q00613	Q00613
Q00613	P38532
Q00985	Q00985
Q00987	Q00987
Q00987	P56950
Q00987	P23804
Q00987	O15151
Q00G26	Q00G26
Q01196	Q01196
Q01433	Q01433
Q01433	Q02356
Q01433	Q9DBT5
Q01433	P10759
Q01433	P23109
Q01433	Q3V1D3
Q01433	Q01432
Q01433	O09178
Q01538	Q01538
Q01693	Q01693
Q01717	Q01717
Q01717	P21761
Q01717	A6IZR3
Q01782	Q01782
Q01813	Q01813
Q01860	Q01860
Q01970	Q01970
Q02108	Q02108
Q02241	Q02241
Q02401	Q02401
Q02401	P09848
Q02401	P10482
Q02401	Q9H227
Q02563	Q02563
Q02880	Q02880
Q02880	P11388
Q02962	Q02962
Q03164	Q03164
Q03405	Q03405
Q03405	P49616
Q03431	Q03431
Q03431	P25961
Q03431	P41593
Q03431	P41586
Q03431	O35659
Q03431	P32301
Q03431	P43220
Q03431	P30083
Q03431	P32241
Q03431	P41587
Q03431	P30988
Q03431	Q16602
Q03431	Q63118
Q03431	Q9R1W5
Q03431	P34998
Q03431	B8Q4Z9
Q03431	P35353
Q03431	Q13324
Q03431	Q60748
Q03431	P47872
Q03431	Q02644
Q03469	Q03469
Q03469	Q9ZLT0
Q03530	Q03530
Q03732	Q03732
Q03732	P89951
Q03732	Q76R61
Q04095	Q04095
Q04095	Q86831
Q04206	Q04206
Q04206	Q04207
Q04400	Q04400
Q04400	P40145
Q04400	Q08462
Q04400	P26769
Q04400	Q08828
Q04400	P19754
Q04468	Q04468
Q04468	Q43054
Q04468	P49264
Q04609	Q04609
Q04637	Q04637
Q04760	Q04760
Q04760	Q9CPU0
Q04998	Q04998
Q05469	Q05469
Q05469	P15304
Q05516	Q05516
Q05BQ5	Q05BQ5
Q06241	Q06241
Q13564	Q13564
Q13569	Q13569
Q13609	Q13609
Q13609	P24855
Q13617	Q13617
Q13619	Q13619
Q13627	Q13627
Q13627	Q61214
Q13627	Q63470
Q13627	Q9NR20
Q13686	Q13686
Q13724	Q13724
Q13724	P53008
Q13887	Q13887
Q13936	Q13936
Q13936	P15381
Q13936	O35505
Q13936	P22002
Q13936	P27732
Q13936	Q01668
Q13936	Q01815
Q13946	Q13946
Q13946	P70453
Q13951	Q13951
Q14116	Q14116
Q14123	Q14123
Q14123	P54750
Q14123	P14100
Q14123	Q01064
Q14145	Q14145
Q14145	Q9Z2X8
Q14188	Q14188
Q14191	Q14191
Q14242	Q14242
Q14432	Q14432
Q14432	Q9XSW7
Q14432	E1BN64
Q14432	Q13370
Q14435	Q14435
Q14435	Q8NCL4
Q14435	Q10471
Q14435	Q10472
Q14435	Q8IUC8
Q14435	Q86SR1
Q14576	Q14576
Q14576	Q15717
Q14642	Q14642
Q14653	Q14653
Q14674	Q14674
Q14676	Q14676
Q14683	Q14683
Q14694	Q14694
Q14703	Q14703
Q14781	Q14781
Q14839	Q14839
Q14849	Q14849
Q14940	Q14940
Q14940	P48763
Q14940	P50482
Q14940	Q9UBY0
Q14940	P48764
Q14940	P26433
Q15040	Q15040
Q15040	Q8TAC2
Q15046	Q15046
Q15047	Q15047
Q15056	Q15056
Q15078	Q15078
Q15084	Q15084
Q15109	Q15109
Q15109	Q63495
Q15116	Q15116
Q15118	Q15118
Q15118	Q15119
Q15118	Q15120
Q15118	Q16654
Q15125	Q15125
Q15125	Q60490
Q15125	Q9BY08
Q15125	Q2TU57
Q15149	Q15149
Q15392	Q15392
Q15393	Q15393
Q15465	Q15465
Q15465	Q62226
Q15466	Q15466
Q15532	Q15532
Q15544	Q15544
Q15554	Q15554
Q15562	Q15562
Q15562	Q15561
Q15562	P28347
Q15562	Q99594
Q15573	Q15573
Q15596	Q15596
Q15596	Q15788
Q15596	Q9Y6Q9
Q15596	Q05BA5
Q15633	Q15633
Q15645	Q15645
Q15652	Q15652
Q15743	Q15743
Q15743	Q4KLH9
Q15743	P46093
Q15743	Q8BUD0
Q15743	Q8IYL9
Q16186	Q16186
Q16236	Q16236
Q16236	Q60795
Q16236	Q16621
Q16348	Q16348
Q16348	Q63424
Q16348	P46059
Q16526	Q16526
Q16531	Q16531
Q63199	Q63199
Q63633	Q63633
Q63633	Q9H2X9
Q64602	Q64602
Q64602	Q8N5Z0
Q66K64	Q66K64
Q680I0	Q680I0
Q6AYQ3	Q6AYQ3
Q6DMN0	Q6DMN0
Q6GFD7	Q6GFD7
Q6GMR7	Q6GMR7
Q6GQQ9	Q6GQQ9
Q6J4K2	Q6J4K2
Q6JQN1	Q6JQN1
Q6JQN1	Q709F0
Q6L8Q7	Q6L8Q7
Q6N021	Q6N021
Q6NS38	Q6NS38
Q6NXT6	Q6NXT6
Q6NYC1	Q6NYC1
Q6P2P2	Q6P2P2
Q6P6C2	Q6P6C2
Q6PH85	Q6PH85
Q6PH85	Q96GG9
Q6PHW0	Q6PHW0
Q6PHW0	F4KU78
Q6PIU2	Q6PIU2
Q6PIU2	Q8BLF1
Q6PIU2	P22760
Q6PJP8	Q6PJP8
Q6PRC7	Q6PRC7
Q6PRC7	O89017
Q6PRC7	Q99538
Q6QHF9	Q6QHF9
Q6R6M4	Q6R6M4
Q6R6M4	A6NNY8
Q6RI86	Q6RI86
Q6RI86	Q8BLA8
Q6RI86	H0VJD1
Q6RI86	O75762
Q6RY99	Q6RY99
Q6SZW1	Q6SZW1
Q6TEK3	Q6TEK3
Q6TEK3	Q8N0U8
Q6TEK3	Q6B4J2
Q6TEK3	Q6TEK4
Q6TEK3	Q9BQB6
Q92824	Q92824
Q92824	P09958
Q92824	P16519
Q92824	P29120
Q92843	Q92843
Q92844	Q92844
Q92905	Q92905
Q92915	Q92915
Q92934	Q92934
Q92947	Q92947
Q92953	Q92953
Q92953	P15387
Q92953	Q14721
Q92979	Q92979
Q92990	Q92990
Q92993	Q92993
Q92993	Q9H7Z6
Q92995	Q92995
Q92995	P45974
Q92997	Q92997
Q93009	Q93009
Q93088	Q93088
Q93088	Q9H2M3
Q93EK7	Q93EK7
Q93EK7	Q8KHJ3
Q93NH4	Q93NH4
Q93SQ1	Q93SQ1
Q93V99	Q93V99
Q93YN9	Q93YN9
Q93ZN9	Q93ZN9
Q94F81	Q94F81
Q95MH6	Q95MH6
Q95MH6	P30968
Q95MH6	P30969
Q95MH6	Q01776
Q95MH6	Q5U7L3
Q95MH6	Q8SPZ1
Q964Q8	Q964Q8
Q965D5	Q965D5
Q965D7	Q965D7
Q965D7	O25928
Q969H4	Q969H4
Q969J5	Q969J5
Q969M7	Q969M7
Q969M7	P61081
Q969R2	Q969R2
Q969R2	P22059
Q969T7	Q969T7
Q96AC1	Q96AC1
Q96AD5	Q96AD5
Q96AD5	Q8BJ56
Q96AE4	Q96AE4
Q96B36	Q96B36
Q96BZ4	Q96BZ4
Q96BZ4	Q8IV08
Q96EB6	Q96EB6
Q96EB6	Q8IXJ6
Q96FI4	Q96FI4
Q96FJ0	Q96FJ0
Q96FJ0	O95630
Q96FJ2	Q96FJ2
Q96FL9	Q96FL9
Q96FW1	Q96FW1
Q96FW1	Q96DC9
Q96G91	Q96G91
Q96HE7	Q96HE7
Q96HE7	Q8R180
Q96HI0	Q96HI0
Q96I25	Q96I25
Q96IV0	Q96IV0
Q96IY4	Q96IY4
Q96IY4	Q9EQV9
Q96IY4	P00730
Q96IY4	P15085
Q96IY4	Q9UI42
Q96IY4	P15086
Q96IY4	P09955
Q96IY4	P48052
Q96IZ0	Q96IZ0
Q96IZ2	Q96IZ2
Q96JH7	Q96JH7
Q96K76	Q96K76
Q96KB5	Q96KB5
Q96KN8	Q96KN8
Q96KN8	P53816
Q96KN8	Q9NWW9
Q96KN8	Q9UL19
Q96L73	Q96L73
Q96LB1	Q96LB1
Q96LB1	Q4QXU5
Q96LB1	Q1L4E8
Q96LB1	Q96LA9
Q96LB1	Q96LB0
Q96LB1	Q96LB2
Q96LB1	P04201
Q96LB1	Q8R4G1
Q96LB1	Q8CIP3
Q96LB1	Q91WW5
Q96LD8	Q96LD8
Q96MU7	Q96MU7
Q96NT5	Q96NT5
Q96NZ9	Q96NZ9
Q96P20	Q96P20
Q96P20	Q8R4B8
Q96P65	Q96P65
Q96PD4	Q96PD4
Q96PD4	Q16552
Q96PH1	Q96PH1
Q96PN6	Q96PN6
Q96PN6	Q9Z286
Q96Q15	Q96Q15
Q96Q83	Q96Q83
Q96Q89	Q96Q89
Q96Q89	O95235
Q96QK1	Q96QK1
Q96QP1	Q96QP1
Q96RQ9	Q96RQ9
Q96RU2	Q96RU2
Q96RU2	Q9UHP3
Q96RU8	Q96RU8
Q96RU8	Q92519
Q96S44	Q96S44
Q96SD1	Q96SD1
Q96SW2	Q96SW2
Q96T54	Q96T54
Q96T60	Q96T60
Q96T88	Q96T88
Q96T88	Q15843
Q99436	Q99436
Q99436	O35955
Q99436	P40306
Q99497	Q99497
Q99504	Q99504
Q99504	P97480
Q99504	O00167
Q99519	Q99519
Q99523	Q99523
Q99523	Q6PHU5
Q99536	Q99536
Q99536	P47199
Q99536	Q08257
Q99570	Q99570
Q99576	Q99576
Q99598	Q99598
Q99700	Q99700
Q99700	O70305
Q99707	Q99707
Q99732	Q99732
Q99757	Q99757
Q99836	Q99836
Q99972	Q99972
Q99973	Q99973
Q9AH50	Q9AH50
Q9AH50	O69002
Q9BHT9	Q9BHT9
Q9BHT9	Q25856
Q9BHT9	P05370
Q9BHT9	P11413
Q9BHT9	Q9GRG7
Q9BPX1	Q9BPX1
Q9BQ69	Q9BQ69
Q9BQB4	Q9BQB4
Q9BQF6	Q9BQF6
Q9BQT8	Q9BQT8
Q9BRS2	Q9BRS2
Q9BRS2	O14730
Q9BRX8	Q9BRX8
Q9BSL1	Q9BSL1
Q9BSW2	Q9BSW2
Q9BSW2	P20340
Q9BSW2	P51159
Q9BSW2	P61019
Q9BSW2	P61105
Q9BSW2	P18067
Q9BSW2	P51149
Q9BSW2	P61026
Q9BTU6	Q9BTU6
Q9BU89	Q9BU89
Q9BUB5	Q9BUB5
Q9BUL5	Q9BUL5
Q9BV23	Q9BV23
Q9BV23	Q8R2Y0
Q9BV47	Q9BV47
Q9BV47	P51452
Q9NX74	Q9NX74
Q9NXA8	Q9NXA8
Q9NXG6	Q9NXG6
Q9NXS2	Q9NXS2
Q9NXS2	Q9CYK2
Q9NXS2	Q16769
Q9NY33	Q9NY33
Q9NY47	Q9NY47
Q9NY47	O08532
Q9NY47	P54289
Q9NY47	O77773
Q9NY47	P54290
Q9NY97	Q9NY97
Q9NYG8	Q9NYG8
Q9NYP7	Q9NYP7
Q9NYP7	Q9NXB9
Q9NYP7	A1L3X0
Q9NYP7	Q9BW60
Q9NYV7	Q9NYV7
Q9NZ20	Q9NZ20
Q9NZH8	Q9NZH8
Q9NZI8	Q9NZI8
Q9NZM1	Q9NZM1
Q9NZN5	Q9NZN5
Q9P0J0	Q9P0J0
Q9P0M2	Q9P0M2
Q9P0M2	Q7TN79
Q9P0U3	Q9P0U3
Q9P275	Q9P275
Q9P286	Q9P286
Q9P286	O96013
Q9P2H5	Q9P2H5
Q9P2J5	Q9P2J5
Q9P2R7	Q9P2R7
Q9P2T1	Q9P2T1
Q9P8Q7	Q9P8Q7
Q9P8Q7	P9WKK7
Q9PN07	Q9PN07
Q9QR71	Q9QR71
Q9QR71	O40947
Q9QXM0	Q9QXM0
Q9R1S4	Q9R1S4
Q9R1S4	P17861
Q9R1T3	Q9R1T3
Q9R1T3	Q9UBR2
Q9RI12	Q9RI12
Q9S446	Q9S446
Q9SMJ3	Q9SMJ3
Q9TVW2	Q9TVW2
Q9TVW2	P55263
Q9TVW2	Q64640
Q9UBB5	Q9UBB5
Q9UBE0	Q9UBE0
Q9UBM7	Q9UBM7
Q9UBM7	B4FS76
Q9UBN4	Q9UBN4
Q9UBN4	Q9QUQ5
Q9UBN4	Q9QX29
Q9UBN4	Q8VD38
Q9UBN4	Q9UL62
Q9UBN4	Q9Y210
Q9UBN4	Q61143
Q9UBN4	Q9HCX4
Q9UBN4	Q9WVC5
Q9UBN4	Q13507
Q9UBN4	Q9QZC1
Q9UBN7	Q9UBN7
Q9UBN7	Q9Z2V5
Q9UBN7	F8W4B7
Q9UBN7	F1QCV2
Q9UBN7	Q70I53
Q9UBN7	Q969S8
Q9WVG5	Q9WVG5
Q9WVG5	Q8VBX1
Q9WVG5	Q9Y5X9
Q9WVG5	P11150
Q9WVG5	P11151
Q9WVG5	P06858
Q9WVG5	P11152
Q9WVG5	Q06000
Q9X688	Q9X688
Q9X721	Q9X721
Q9X721	B9J3S4
Q9X721	Q81BJ6
Q9X721	Q46085
Q9XDB3	Q9XDB3
Q9XFS9	Q9XFS9
Q9XFS9	P45568
Q9XFS9	W8T2T2
Q9XFS9	P9WNS1
Q9XUB2	Q9XUB2
Q9Y006	Q9Y006
Q9Y0I0	Q9Y0I0
Q9Y223	Q9Y223
Q9Y230	Q9Y230
Q9Y230	Q9Y265
Q9Y232	Q9Y232
Q9Y232	Q8N8U2
Q9Y232	Q9Y6F8
Q9Y237	Q9Y237
Q9Y239	Q9Y239
Q9Y239	Q9HC29
Q9Y251	Q9Y251
Q9Y253	Q9Y253
Q9Y256	Q9Y256
Q9Y263	Q9Y263
Q9Y294	Q9Y294
Q9Y2C9	Q9Y2C9
Q9Y2C9	Q15399
Q9Y2C9	O60603
Q9Y2C9	Q9QUN7
Q9Y2I1	Q9Y2I1
Q9Y2I1	Q4G017
Q9Y2I7	Q9Y2I7
Q9Y2I7	Q9Z1T6
Q9Y2K6	Q9Y2K6
Q9Y2T1	Q9Y2T1
Q9Y2T3	Q9Y2T3
Q9Y2T6	Q9Y2T6
Q9Y2T6	Q9WU09
Q9Y2W1	Q9Y2W1
Q9Y303	Q9Y303
Q9Y336	Q9Y336
Q9Y365	Q9Y365
Q9Y3Q4	Q9Y3Q4
Q9Y3Q4	O60741
Q9Y3Q4	O70507
Q9Y3Q4	O88703
Q9Y3Q4	O88704
Q9Y3Q4	Q9UL51
Q9Y3Q4	Q9P1Z3
Q9Y468	Q9Y468
Q9Y468	Q8NA19
Q9Y468	Q96JM7
Q9Y4B6	Q9Y4B6
Q9Y4E8	Q9Y4E8
Q9Y4E8	P51784
Q9Y4E8	Q13107
Q9Y4K3	Q9Y4K3
Q9Y4W6	Q9Y4W6
Q9Y508	Q9Y508
Q9Y572	Q9Y572
Q9Y587	Q9Y587
Q9Y587	P62744
Q9Y5K5	Q9Y5K5
Q9Y5T5	Q9Y5T5
Q9Y5T5	Q70EL2
Q9Y5X5	Q9Y5X5
Q9Y5X5	Q924H0
Q9Y5X5	Q9EQD2
Q9Y5X5	P25929
Q9Y5X5	P21555
Q9Y5X5	P50391
Q9Y5X5	Q61041
Q9Y5X5	Q63447
Q9Y616	Q9Y616
Q9Y618	Q9Y618
Q9Y657	Q9Y657
Q9Y657	Q5JUX0
Q9Y657	Q9BPZ2
Q9Y657	Q56A73
Q9Y6A2	Q9Y6A2
Q9Y6I3	Q9Y6I3
Q9Y6I4	Q9Y6I4
Q9Y6K0	Q9Y6K0
Q9Y6K1	Q9Y6K1
Q9Y6K1	O88508
Q9Y6K1	O88509
Q9Y6K1	Q9UBC3
Q9Y6K9	Q9Y6K9
Q9Y6M4	Q9Y6M4
Q9Y6M4	P78368
Q9Y6M4	Q9HCP0
Q9Y6N5	Q9Y6N5
Q9Y6R4	Q9Y6R4
Q9Y6T7	Q9Y6T7
Q9Y6T7	P23743
Q9Y6T7	P20192
Q9Y6T7	P49619
Q9Y6T7	P51556
Q9Y6W6	Q9Y6W6
Q9Y6W6	Q7T2L8
Q9Y6W6	Q16828
Q9Y6W6	Q64346
Q9Y6Y9	Q9Y6Y9
Q9YGV3	Q9YGV3
Q9YGV3	P41738
Q9YGV3	O02747
Q9YGV3	P30561
Q9YGV3	P35869
Q831P9	Q831P9
Q831P9	P0A6I6
Q83883	Q83883
Q84406	Q84406
Q86GS5	Q86GS5
Q86PR3	Q86PR3
Q86TP1	Q86TP1
Q86U44	Q86U44
Q86UD5	Q86UD5
Q86UE8	Q86UE8
Q86UE8	Q9UKI8
Q86UY6	Q86UY6
Q86V24	Q86V24
Q86V24	Q96A54
Q86VL8	Q86VL8
Q86VL8	Q96FL8
Q86VL8	Q8K0H1
Q86VZ5	Q86VZ5
Q86VZ5	Q8NHU3
Q86VZ5	Q9D4B1
Q86W56	Q86W56
Q86W56	Q9QYM2
Q86X55	Q86X55
Q86X55	Q9WVG6
Q86X55	Q96LA8
Q86XE5	Q86XE5
Q86XP3	Q86XP3
Q86XP3	Q14240
Q86XP3	P60842
Q86XP3	P60843
Q86XP3	Q92841
Q86XP3	P17844
Q86Y07	Q86Y07
Q86Y07	Q99986
Q86Y97	Q86Y97
Q873X9	Q873X9
Q873Y0	Q873Y0
Q89853	Q89853
Q89853	P87666
Q89853	Q05320
Q8BGY9	Q8BGY9
Q8BGY9	Q9GZV3
Q8BGY9	Q9JMD7
Q8BH82	Q8BH82
Q8BH82	Q6IQ20
Q8BVQ5	Q8BVQ5
Q8BVQ5	Q9Y570
Q8CIG3	Q8CIG3
Q8CIG3	Q8NB78
Q8CIM5	Q8CIM5
Q8CIM5	Q9NQS5
Q8CM62	Q8CM62
Q8CM62	P0DPQ5
Q8DP63	Q8DP63
Q8DP79	Q8DP79
Q8DQ18	Q8DQ18
Q8DQ18	C3SLB7
Q8DQ18	P0ACC7
Q8DQ18	P43889
Q8DQ18	Q5HIH6
Q8DVR0	Q8DVR0
Q8F7V4	Q8F7V4
Q8F7V4	P14900
Q8HYC3	Q8HYC3
Q8HYC3	P49684
Q8HYC3	Q533H1
Q8HYC3	Q8VIH9
Q8HYC3	Q9UKP6
Q8I0P1	Q8I0P1
Q8I0P1	Q9UBP0
Q8I2J3	Q8I2J3
Q8I384	Q8I384
Q8IDQ9	Q8IDQ9
Q8IIA4	Q8IIA4
Q8IIA4	A0A3F3IEK2
Q8IIA4	Q8ZDW5
Q8IIA4	G3FIN0
Q8IIA4	P26639
Q8IL04	Q8IL04
Q8IL11	Q8IL11
Q8ILG2	Q8ILG2
Q8ILP4	Q8ILP4
Q8ILQ7	Q8ILQ7
Q8IUF8	Q8IUF8
Q8IVV7	Q8IVV7
Q8IWE4	Q8IWE4
Q8IWL2	Q8IWL2
Q8IXH6	Q8IXH6
Q8IXL6	Q8IXL6
Q8IXQ6	Q8IXQ6
Q9Z258	Q9Z258
Q9Z258	Q5JUK3
Q9Z258	Q6ZPR4
Q9Z258	Q6UVM3
Q9Z429	Q9Z429
Q9ZB22	Q9ZB22
Q9ZHC3	Q9ZHC3
Q9ZHC3	P11880
X5EH84	X5EH84
Q16543	Q16543
Q16548	Q16548
Q16548	Q07440
Q16549	Q16549
Q16558	Q16558
Q16572	Q16572
Q16572	Q62666
Q16572	P81721
Q16572	P54219
Q16572	Q01827
Q16572	Q05940
Q16572	Q27963
Q16572	Q8BRU6
Q16613	Q16613
Q16613	Q29495
Q16637	Q16637
Q16658	Q16658
Q16690	Q16690
Q16690	P28562
Q16690	P28563
Q16690	Q05923
Q16706	Q16706
Q16706	Q24451
Q16719	Q16719
Q16719	P70712
Q16740	Q16740
Q16762	Q16762
Q16775	Q16775
Q16775	Q3B7M2
Q16798	Q16798
Q16798	P48163
Q16798	P23368
Q16820	Q16820
Q16831	Q16831
Q16880	Q16880
Q16880	Q64676
Q16880	P22310
Q16880	O60656
Q16880	P19224
Q16880	P22309
Q16880	Q9HAW7
Q16880	Q9HAW8
Q16880	O75795
Q16880	P16662
Q16880	P36537
Q16881	Q16881
Q16881	O89049
Q16881	Q9JMH6
Q16881	P00390
Q16881	P70619
Q16881	P28593
Q16881	A4HSF7
Q16881	P39040
Q16881	P39050
Q16881	P39051
Q16881	Q962Y6
Q16881	Q9Z0J5
Q17339	Q17339
Q17RY6	Q17RY6
Q1HVG2	Q1HVG2
Q25615	Q25615
Q25615	Q13231
Q25615	Q9D7Q1
Q25615	Q9BZP6
Q25615	Q91XA9
Q26513	Q26513
Q26513	O35543
Q26513	O60760
Q26513	Q9JHF7
Q26513	P08263
Q26513	P09210
Q26710	Q26710
Q26964	Q26964
Q27546	Q27546
Q2AC31	Q2AC31
Q2AC31	Q5NUL3
Q2AC31	Q7TMA4
Q2FXJ5	Q2FXJ5
Q2FXJ5	Q6G8J9
Q2FZP6	Q2FZP6
Q2HRB2	Q2HRB2
Q2HXR2	Q2HXR2
Q2HXR2	Q8I3X4
Q2HXR2	Q8T9Z7
Q2KIM0	Q2KIM0
Q2KIM0	P04066
Q2KIM0	P17164
Q2L8D9	Q2L8D9
Q2M2I8	Q2M2I8
Q2M2I8	Q3UHJ0
Q2M2I8	O75716
Q2M385	Q2M385
Q2M385	A1L314
Q2NL67	Q2NL67
Q2TV84	Q2TV84
Q2YS77	Q2YS77
Q36792	Q36792
Q37001	Q37001
Q38720	Q38720
Q38854	Q38854
Q38854	P77488
Q38854	P9WNS3
Q39829	Q39829
P22314	P22314
P22314	Q02053
P22314	A0AVT1
P22314	P41226
P22413	P22413
P22413	P06802
P22413	Q924C3
P22413	O14638
P22413	Q64610
P22413	Q13822
P22413	Q9R1E6
P22443	P22443
P22443	P11511
P22513	P22513
P22513	P04406
P22513	P46406
P22513	Q01558
P22557	P22557
P22629	P22629
P22680	P22680
P22680	P18125
P22680	Q9UNU6
P22680	Q16647
P22687	P22687
P22687	P11597
P22696	P22696
P22696	Q13526
P22735	P22735
P22735	O95932
P22735	P08587
P22735	Q7M0F8
P22735	P21980
P22735	P21981
P22735	P00488
P22735	Q08188
P22830	P22830
P23025	P23025
P23907	P23907
P23907	P04156
P23907	P04273
P23907	P04925
P23919	P23919
P23921	P23921
P24046	P24046
P24046	P28476
P24046	P18507
P24046	P23574
P24046	Q8N1C3
P24046	O75311
P24046	P07727
P24046	P22771
P24046	P23415
P24046	P23416
P24046	Q64018
P24046	Q91XP5
P24226	P24226
P24226	Q8G2R2
P24385	P24385
P24385	P25322
P24387	P24387
P24822	P24822
P24822	P05187
P24822	P09923
P24822	P10696
P24822	P15693
P24822	P19111
P24822	P24823
P24822	P05186
P24822	P09242
P24822	P09487
P24864	P24864
P25023	P25023
P25023	P30411
P25023	Q28642
P25023	P46663
P25023	P48748
P25023	Q3BCU0
P25023	Q8HZP2
P25023	P97583
P25023	Q61125
P25023	Q9BDQ5
P25023	Q2XUH7
P25054	P25054
P25085	P25085
P25085	P18510
P25116	P25116
P25116	P32249
P25116	D4A7K7
P25116	Q3U6B2
P25122	P25122
P25376	P25376
P25708	P25708
P25779	P25779
P25779	O70370
P25779	Q02765
P25779	P25774
P25779	P36400
P25779	Q95WR6
P25779	Q95PM0
P25786	P25786
P25931	P25931
P25963	P25963
P26196	P26196
P26431	P26431
P26431	P19634
P26431	P23791
P26431	Q9W6Q1
P26435	P26435
P26435	Q14973
P26435	P70172
P26435	Q12908
P26435	Q62633
P26447	P26447
P26447	P04271
P26447	P04631
P26660	P26660
P26660	A3EZJ3
P26660	O39927
P26660	O39930
P26660	P26661
P26660	Q8JXU8
P26660	Q99IB8
P26660	P26664
P26660	C1KIQ2
P26660	O39929
P26660	O92972
P26660	P26662
P26660	P26663
P26660	P27958
P26660	P29846
P26660	Q0ZMF1
P26660	Q9WMX2
P26660	Q81258
P26660	Q81495
P26660	Q2Q167
P26660	Q5L478
P26660	Q69422
A0A045ISB3	A0A045ISB3
A0A045ISB3	I6WXK4
A0A045ISB3	P96830
A0A072ZLE6	A0A072ZLE6
A0A087WW23	A0A087WW23
A0A087WW23	P20291
A0A087WW23	P20292
A0A087WW23	P30355
A0A087WW23	A6XA80
A0A087WW23	Q16873
A0A0C5PRQ1	A0A0C5PRQ1
A0A0C5PRQ1	A8Q2D1
A0A0C7ACN7	A0A0C7ACN7
A0A0E7NXW5	A0A0E7NXW5
A0A0R4IM31	A0A0R4IM31
A0A0T9WNE5	A0A0T9WNE5
A0A0T9WNE5	P9WPP7
A0A1D5QZY8	A0A1D5QZY8
A0A1D5QZY8	P30082
A0A1D5QZY8	P47871
A0A1D5QZY8	Q61606
A0A1D5QZY8	P48546
A0A1D5QZY8	P43219
A0A1D8D5K2	A0A1D8D5K2
A0A1D8D5K2	Q66478
A0A1D8D5K2	P03303
A0A1D8D5K2	P03313
A0A1D8D5K2	Q82122
A0A1D8D5K2	Q4U254
A0A2S9PH42	A0A2S9PH42
A0A2S9PM60	A0A2S9PM60
A0A2S9PM60	P06612
A0A380PJR2	A0A380PJR2
A0A380PJR2	P9WQA3
A0A6L0XH39	A0A6L0XH39
A0A8I3N393	A0A8I3N393
A0A8I3N393	O75907
A0A8I3N393	Q9BRH5
A0A8I3N393	Q9ERM3
A0A8I3N393	Q9Z2A7
A0JN73	A0JN73
A0QP27	A0QP27
A0R666	A0R666
A0R666	P9WMC1
A1YYP7	A1YYP7
A1YYP7	P25462
A1YYP7	Q01HZ7
A1YYP7	Q42950
A1YYP7	P15104
A1YYP7	Q43760
A1Z1Q3	A1Z1Q3
A2RI47	A2RI47
A2RP81	A2RP81
A2RP81	D5HSX5
A3KMY8	A3KMY8
A3KMY8	P08236
A3KMY8	P06760
A3KMY8	P12265
A3KMY8	Q8XP19
A3KMY8	P05804
A3M3H0	A3M3H0
A4D1B5	A4D1B5
A4D1P6	A4D1P6
A4I591	A4I591
A4TVL0	A4TVL0
A5A4K9	A5A4K9
A5A4K9	O08725
A5A4K9	Q8MHZ5
A5A4K9	Q92847
A5A4K9	Q99P50
A5D7T0	A5D7T0
A5PKW4	A5PKW4
A5U4N0	A5U4N0
A5U4N0	P9WID5
A6T4N9	A6T4N9
A6T4N9	P0A725
A6T4N9	P47205
A6T4N9	B5ATN6
A6T4N9	O67648
A6T5R0	A6T5R0
A7L861	A7L861
A7L861	P52020
A7L861	Q92206
A7MCY6	A7MCY6
A8K2H7	A8K2H7
A8K2H7	Q16581
A8NS89	A8NS89
A8PUY1	A8PUY1
A9JQL9	A9JQL9
A9XFY4	A9XFY4
A9XFY4	P02708
A9XFY4	P09483
A9XFY4	O70174
A9XFY4	H6TY12
A9XFY4	O46128
A9XFY4	P25162
A9XFY4	P09482
A9XFY4	P12389
A9XFY4	P17787
A9XFY4	P12390
A9XFY4	P32297
A9XFY4	P04757
A9XFY4	P43143
A9XFY4	P43681
A9XFY4	P22770
A9XFY4	P36544
A9XFY4	P49582
A9XFY4	Q05941
A9XFY4	Q866A2
B0BNF9	B0BNF9
B0BNF9	I3LVF1
B0BNF9	Q9UJM8
B0BNF9	Q9WU19
B0BNF9	Q07523
B0BNF9	Q9NYQ3
B0KZK1	B0KZK1
B0KZK1	P00690
B0KZK1	P04746
B0KZK1	P0DUB6
B1JQH1	B1JQH1
B1JRQ0	B1JRQ0
B1JRQ0	Q8Z9U1
B2ZB02	B2ZB02
B2ZB02	P07524
B3VTJ2	B3VTJ2
B3VTJ2	Q01062
B4EH87	B4EH87
B4EH87	Q9HYN5
B4URF7	B4URF7
B4URF7	P03428
B5DF27	B5DF27
B5DF27	P58022
B5DF27	Q9Y4K0
B5DF27	P58215
B5DF27	Q96JB6
B5Y1L0	B5Y1L0
B5Y1L0	P0AF12
B5Y1L0	P0AF14
B5Y1L0	Q5HFG2
B6TK44	B6TK44
B7UUK1	B7UUK1
B7UUK1	P00630
B8R6A5	B8R6A5
B8R6A5	P28585
B8R6A5	Q2XPY6
B8R6A5	Q670S6
B8R6A5	Q840M4
B8R6A5	Q9EXV5
B8R6A5	Q9L5C7
B8R6A5	A8RR46
B8R6A5	P9WKD2
B8R6A5	Q6JP75
B8R6A5	Q46991
B8R6A5	A0ZX81
B8R6A5	A3FFR5
B8R6A5	A4KCT8
B8R6A5	P0A3M1
B8R6A5	P0AD63
B8R6A5	P0AD64
B8R6A5	P62593
B8R6A5	Q4GY26
B8R6A5	Q4TVR4
B8R6A5	Q5J463
B8R6A5	Q6GWS8
B8R6A5	Q6REX6
B8R6A5	Q6W9J1
B8R6A5	Q7X575
B8R6A5	Q83YP9
B8R6A5	Q932Y6
B8R6A5	A8DS27
B8R6A5	Q848S6
B8R6A5	Q93LQ9
B8R6A5	Q9F663
B8R6A5	D1MIX9
B8R6A5	D2SSQ3
B8R6A5	Q3SAW3
B8R6A5	P00807
B8R6A5	P00808
B8R6A5	A1E3K9
B8R6A5	P00809
C3SIU2	C3SIU2
C3TIE2	C3TIE2
C7C422	C7C422
C7C422	E5KIY2
C7C422	D1MEN9
C7C422	Q2HY42
C7C422	Q8GDC1
C7C422	Q9K2N0
C7C422	Q9XAY4
C7C422	P04190
C7C422	P14488
C7C422	Q93T40
C7C422	P52699
C7C422	Q6TUJ4
C7C422	Q79MP6
C7C422	Q704V1
C7C422	P25910
D3W065	D3W065
D3Z7P3	D3Z7P3
D3Z7P3	O94925
D3Z7P3	P13264
D3ZFJ0	D3ZFJ0
D3ZFJ0	Q9JHG7
D3ZFJ0	A0A0G2K344
D3ZFJ0	P32871
D3ZFJ0	P42336
D3ZFJ0	P42337
D3ZFJ0	P42338
D3ZFJ0	Q8BTI9
D3ZFJ0	Q9Z1L0
D3ZFJ0	O00329
D3ZFJ0	O35904
D3ZGQ2	D3ZGQ2
D3ZGQ2	O00142
D3ZGQ2	Q9XZT6
D3ZGQ2	P27707
D3ZGQ2	P43346
D4ADR1	D4ADR1
D4ADR1	Q9H1C0
D4ADR1	Q9HC97
D4ADR1	Q9ES90
D4ADR1	Q33BM1
E2JF22	E2JF22
E2JF22	Q92508
E2QF15	E2QF15
E2QF15	P0C1R8
E9PTA2	E9PTA2
E9PTA2	O94759
E9PTA2	Q1A7N1
E9PTA2	Q7Z2W7
E9PTA2	Q8R455
E9PTA2	Q8R4D5
E9PTA2	Q8TD43
E9PTA2	Q9NZQ8
E9PTA2	Q9JJH7
E9PTA2	Q9BW91
E9QYP0	E9QYP0
F1L1D9	F1L1D9
F1M391	F1M391
F1M391	Q3TBT3
F1M391	Q86WV6
F1MN93	F1MN93
F1MN93	P11387
F1MN93	Q04750
F1MN93	Q9WUL0
F1MN93	Q2HPH0
G1SGC5	G1SGC5
G5EF15	G5EF15
G7N604	G7N604
G7N604	A9QW74
G7N604	Q64663
G7N604	Q64F92
G7N604	Q99572
G7N604	Q9Z1M0
G7N604	P49654
G7N604	P56373
G7N604	Q3UR32
I3LIR5	I3LIR5
I3LIR5	O70282
I3LIR5	P32358
I3LTK9	I3LTK9
I6L8L7	I6L8L7
I6X8D2	I6X8D2
K9N5Q8	K9N5Q8
K9N5Q8	P0DTC2
K9N5Q8	P59594
O00182	O00182
O00182	O00214
O00182	P56470
O00206	O00206
O00206	Q9QUK6
O00231	O00231
O00255	O00255
O00257	O00257
O00257	O95931
O00264	O00264
O00299	O00299
O00391	O00391
O00400	O00400
O00418	O00418
O00418	P70531
O00421	O00421
O00443	O00443
O00443	O00750
O00443	O75747
O00481	O00481
O00487	O00487
O00512	O00512
O00519	O00519
O00519	O08914
O00519	P97612
O00555	O00555
O00555	P07293
O00555	Q02485
O00555	Q00975
O00555	Q02294
O00555	O55017
O00560	O00560
O00571	O00571
O00571	O00148
O00625	O00625
O00746	O00746
O00746	P22392
O00746	O60361
O00754	O00754
O00754	C0HJB3
O00763	O00763
O00763	E9Q4Z2
O00763	Q1HEC0
O00763	H9BT73
O00763	Q3V4E6
O00763	Q13085
O00763	P11497
O00763	Q5SWU9
O00763	A0A0D1DYD5
O00763	P24182
O00763	P37798
O00764	O00764
O00767	O00767
O00767	P07308
O00767	P13516
O00767	Q86SK9
O01739	O01739
O01739	O45307
O01739	Q19564
O01739	D3ZDM7
O01739	P31228
O01739	Q922Z0
O01739	Q99489
O02853	O02853
O02853	P41222
O07911	O07911
O08557	O08557
O08557	O94760
O08663	O08663
O08663	P50579
O08689	O08689
O08703	O08703
O08703	Q12809
O08703	Q9TSZ3
O08703	Q9H252
O08703	Q9ULD8
O08816	O08816
O08878	O08878
O08878	Q99527
O13383	O13383
O14492	O14492
O14686	O14686
O14717	O14717
O14727	O14727
O14744	O14744
O14745	O14745
O14746	O14746
O14746	Q673L6
O14788	O14788
O14788	O35235
O14791	O14791
O14874	O14874
O14929	O14929
O14980	O14980
O15054	O15054
O15055	O15055
O15068	O15068
O15120	O15120
O15121	O15121
O15121	Q5XIF5
O15229	O15229
O15229	O88867
O15229	Q91WN4
O15229	Q84HF5
O15254	O15254
O15254	P07872
O15254	Q15067
O15270	O15270
O15294	O15294
O15297	O15297
O15305	O15305
O15355	O15355
O15399	O15399
O15399	Q62645
O15399	Q00961
O15399	Q14957
O15455	O15455
O15527	O15527
O15550	O15550
O15552	O15552
O15552	Q76EI6
O15552	Q8VCK6
O15552	O14842
O15552	Q76JU9
O15552	Q76JV1
O15552	Q8K3T4
O15648	O15648
O15648	Q4E657
O15727	O15727
O15727	Q9GPQ4
O26232	O26232
O31272	O31272
O31272	P26918
O31272	Q44079
O32393	O32393
O32449	O32449
O33336	O33336
O35049	O35049
O35049	Q9NY59
O35240	O35240
O35240	P78348
O35240	P55926
O35240	Q6NXK8
O35240	Q925H0
O35240	Q9UHC3
O35491	O35491
O35491	O35492
O35491	P49760
O35491	P49761
O35491	P49759
O35491	O35493
O35491	P22518
O35491	Q9HAZ1
O35678	O35678
O35678	Q8R431
O35678	Q99685
O35949	O35949
O35949	Q9HB03
O35949	Q920L5
O35949	Q9H5J4
O41156	O41156
O43148	O43148
O43175	O43175
O43187	O43187
O43315	O43315
O43353	O43353
O43353	G3V783
O43353	P58801
O43426	O43426
O43426	O15056
O43451	O43451
O43451	P23739
O43451	B5THE3
O43451	P14410
O43451	P56526
O43451	P70699
O43451	P10253
O43451	Q6P7A9
O43451	Q9MYM4
O43451	Q9LGC6
O43464	O43464
O43497	O43497
O43497	O54898
O43497	O88427
O43497	Q9EQ60
O43497	O95180
O43497	Q27YN9
O43497	Q9P0X4
O43497	Q9Z0Y8
O43511	O43511
O43511	Q9R155
O43511	P40879
O43511	Q9WVC8
O43511	Q9BXS9
O43521	O43521
O43524	O43524
O43524	Q12778
O43598	O43598
O43598	O35820
O43683	O43683
O43739	O43739
O43739	O08967
O43739	P97696
O43739	Q99418
O43741	O43741
O43741	P80386
O43741	Q9Y478
O43791	O43791
O43826	O43826
O43895	O43895
O43895	Q9NQW7
O43924	O43924
O46521	O46521
O49150	O49150
O49150	P09186
O49150	P08170
O49150	P24095
O49150	P38417
O52691	O52691
O54050	O54050
O54798	O54798
O54798	P32247
O54798	Q8K418
O54798	P28336
O54798	P30550
O54908	O54908
O54912	O54912
O54912	O14649
O54912	Q9ES08
O54912	Q9NPC2
O55143	O55143
O55143	P11507
O55143	P16615
O55143	O14983
O55143	P04191
O55143	Q64578
O55143	Q93084
O55242	O55242
O55242	Q60492
O55242	Q99720
O55242	Q9R0C9
O60240	O60240
O60260	O60260
O60313	O60313
O60331	O60331
O60331	P70182
O60331	Q99755
O60331	O14986
O60331	P70181
O60331	Q8TBX8
O60331	P78356
O60331	P48426
O60346	O60346
O60391	O60391
O60462	O60462
O60462	O14786
O60462	Q9QWJ9
O60502	O60502
O60502	Q8VIJ5
O60551	O60551
O60551	P30419
O60551	P30418
O60551	Q4Q5S8
O60551	Q9UVX3
O60563	O60563
O60568	O60568
O60568	O00469
O60568	Q02809
O60602	O60602
O60671	O60671
O60678	O60678
O60725	O60725
O60733	O60733
O60841	O60841
O60906	O60906
O60906	O70572
O60906	Q9ET64
O60930	O60930
O60930	P0A7Y4
O60939	O60939
O60993	O60993
O60993	Q9GT49
O61059	O61059
O61142	O61142
O64411	O64411
O68720	O68720
O68720	P15273
O69638	O69638
O69721	O69721
O70127	O70127
O70127	O95342
O70127	P08183
O70127	P21447
O70127	P06795
O70196	O70196
O70196	P23687
O70196	P48147
O70196	Q9QUR6
O70196	Q9XTA2
O70196	P27028
O70212	O70212
O70212	P23979
O70212	P46098
O70212	P35563
O70212	O95264
O70276	O70276
O70276	Q16518
O70276	Q28175
O70276	Q9YGX2
O70342	O70342
O70342	Q15761
O70342	Q63634
O70423	O70423
O70423	O08590
O70423	Q16853
O70423	Q9TTK6
O70423	O75106
O70423	P19801
O70424	O70424
O70444	O70444
O70444	P06803
O70444	P11309
O70444	Q86V86
O70444	Q9P1W9
O70444	Q9BXA6
O74036	O74036
O74036	Q06609
O75030	O75030
O75151	O75151
O75151	Q6ZMT4
O75151	Q9UPP1
O75306	O75306
O75342	O75342
O75342	O35936
O75342	O15296
O75342	P09917
O75342	P12527
O75342	P48999
O75342	Q9BEG3
O75342	P12530
O75342	P16050
O75342	P16469
O75342	P39654
O75342	Q02759
O75342	P18054
O75342	P39655
O75351	O75351
O75356	O75356
O75365	O75365
O75365	Q93096
O75365	Q12974
O75381	O75381
O75387	O75387
O75417	O75417
O75460	O75460
O75460	Q76MJ5
O75460	Q9EQY0
O75475	O75475
O75530	O75530
O75581	O75581
O75604	O75604
O75643	O75643
O75688	O75688
O75688	P35813
O75807	O75807
O75832	O75832
O75899	O75899
O75899	O88871
O75912	O75912
O75912	Q13574
O75936	O75936
O76031	O76031
O76083	O76083
O76083	O70628
O76083	Q8QZV1
O77078	O77078
O77078	Q2FZS0
O77078	C3TDZ2
O77078	P0A6R0
O77078	P43711
O77078	P0DB00
O77078	Q820T1
O77078	P9WNG3
O77760	O77760
O77760	O70536
O77760	P35610
O77760	Q60457
O77760	Q61263
O77760	Q95214
O77760	O77759
O77760	O75908
O77760	O88908
O78749	O78749
O78749	P00395
O78750	O78750
O78750	P00403
O85361	O85361
O87171	O87171
O88634	O88634
O88634	Q96RI0
O88634	O14843
O88634	B2GV46
O88634	Q3UFD7
O88634	P21730
O88634	Q9P296
O88693	O88693
O88693	Q16739
O88763	O88763
O88763	Q8NEB9
O88838	O88838
O88838	Q99619
O93874	O93874
O93874	Q8I2S7
O93874	Q965D6
O94782	O94782
O94811	O94811
O94811	Q27957
O94953	O94953
O94953	O75164
O94953	Q6B0I6
O94953	B2RXH2
O94953	Q9H3R0
O94956	O94956
O94956	Q9NPD5
O94956	Q9Y6L6
O94966	O94966
O95140	O95140
O95259	O95259
O95263	O95263
O95263	O60658
O95278	O95278
O95279	O95279
O95340	O95340
O95347	O95347
O95352	O95352
O95393	O95393
O95453	O95453
O95470	O95470
O95470	Q8R0X7
O95479	O95479
O95503	O95503
O95503	Q9HC52
O95544	O95544
O95563	O95563
O95573	O95573
O95573	P41216
O95573	P33121
O95573	Q9UKU0
O95573	Q9ULC5
O95602	O95602
O95619	O95619
O95644	O95644
O95644	Q13469
O95749	O95749
O95760	O95760
O95785	O95785
O95817	O95817
O95822	O95822
O95822	Q99J39
O95848	O95848
O95870	O95870
O96673	O96673
O96935	O96935
O97438	O97438
P00156	P00156
P00156	P24964
P00166	P00166
P00189	P00189
P00189	O15528
P00189	O35084
P00189	P30099
P00189	P15539
P00189	Q64546
P00325	P00325
P00325	P07327
P00325	P11766
P00325	P12711
P00325	P28474
P00336	P00336
P00336	P00338
P00336	P00342
P00336	P06151
P00336	P07195
P00336	P16125
P00336	V9HWB9
P00336	Q0PJ46
P00336	Q27743
P00336	Q6VVP7
P00346	P00346
P00346	P40926
P00349	P00349
P00349	P52209
P00349	P85968
P00371	P00371
P00371	O35078
P00371	P14920
P00371	P18894
P00371	Q95XG9
P00382	P00382
P00387	P00387
P00438	P00438
P00451	P00451
P00451	P12259
P00505	P00505
P00505	P17174
P00514	P00514
P00547	P00547
P00558	P00558
P00563	P00563
P00642	P00642
P00651	P00651
P00669	P00669
P00669	P61823
P00698	P00698
P00720	P00720
P00727	P00727
P00727	P28838
P00727	P28839
P00751	P00751
P00751	P04186
P00800	P00800
P00817	P00817
P00845	P00845
P00970	P00970
P01011	P01011
P01011	P05154
P01011	Q91WP6
P01011	P20848
P01015	P01015
P01031	P01031
P01042	P01042
P01103	P01103
P01103	P10242
P01106	P01106
P01120	P01120
P01120	P01111
P01120	P01112
P01120	P01116
P01120	P20171
P01120	P08134
P01120	P61586
P01120	P63000
P01120	P60953
P01120	P63001
P01120	Q9DDV6
P01120	Q15382
P01127	P01127
P01127	P04085
P01223	P01223
P01256	P01256
P01256	P06881
P01256	P10092
P01270	P01270
P01275	P01275
P01282	P01282
P01355	P01355
P01355	P06307
P01584	P01584
P01584	P10749
P01589	P01589
P01589	P01590
P01721	P01721
P01730	P01730
P02144	P02144
P02458	P02458
P02458	P02452
P02550	P02550
P02550	C5ISA2
P02550	Q27352
P02550	Q13509
P02550	P07437
P02550	Q6B856
P02666	P02666
P02675	P02675
P02699	P02699
P02748	P02748
P02751	P02751
P02752	P02752
P02753	P02753
P02754	P02754
P02766	P02766
P02768	P02768
P02768	P02769
P02768	P07724
P02778	P02778
P02795	P02795
P02866	P02866
P02879	P02879
P03070	P03070
P03070	P03072
P03118	P03118
P03118	P04015
P03118	P03120
P27169	P27169
P27169	Q15165
P27169	Q15166
P27296	P27296
P27471	P27471
P27544	P27544
P27544	P27545
P27694	P27694
P27695	P27695
P27808	P27808
P27808	P26572
P27815	P27815
P27815	O89085
P27815	O77823
P27815	P14646
P27815	Q07343
P27815	Q08499
P27815	P14270
P27815	Q01063
P27815	Q9NP56
P27867	P27867
P27987	P27987
P27987	B2RXC2
P27987	P23677
P28062	P28062
P28062	O55234
P28062	P28063
P28062	P28074
P28070	P28070
P28072	P28072
P28072	P28065
P28072	P28076
P28340	P28340
P28715	P28715
P28720	P28720
P28776	P28776
P28776	P14902
P28776	Q9ERD9
P28776	Q6ZQW0
P28776	Q8R0V5
P28887	P28887
P29144	P29144
P29144	Q64560
P29274	P29274
P29274	C9JQD8
P29274	P46616
P29274	P30543
P29274	Q60613
P29274	P28647
P29274	Q61618
P29274	P29276
P29274	P34970
P29274	P25099
P29274	P28190
P29274	P30542
P29274	P47745
P29274	P49892
P29274	Q4VQ11
P29274	Q60612
P29274	P35342
P29274	O02667
P29371	P29371
P29371	P16177
P29371	P30098
P29371	Q2WGM0
P29371	P14600
P29371	P25103
P29371	P30547
P29371	Q5DUB1
P29371	Q64077
P29371	P05363
P29371	P16610
P29371	P21452
P29371	P79218
P29372	P29372
P29375	P29375
P29375	Q3UXZ9
P29375	P41229
P29375	Q9BY66
P29375	Q9UGL1
P29401	P29401
P29410	P29410
P29410	P54819
P29410	P29411
P29804	P29804
P29853	P29853
P29853	B7VU80
P29965	P29965
P29994	P29994
P29994	P79248
P30043	P30043
P30084	P30084
P30085	P30085
P30086	P30086
P30124	P30124
P30124	P0ACB2
P30124	Q59643
P30124	P13716
P30305	P30305
P30305	P30304
P30305	P30306
P30307	P30307
P0C0L6	P0C0L6
P0C0L6	Q6W5P4
P0C0L6	Q8BZP8
P0C1S0	P0C1S0
P0C1U8	P0C1U8
P0C264	P0C264
P0C5J4	P0C5J4
P0C5J4	Q9Y2T5
P0C5S6	P0C5S6
P0C6W4	P0C6W4
P0C6W4	K9N7C7
P0C6W4	P0C6W3
P0C6W4	P0C6X1
P0C6W4	P0DTD1
P0C6W4	P0C6U8
P0C6W4	P0C6X7
P0C6W4	P0DTC1
P0C6W4	P0C6W5
P0C6W4	P0C6X4
P0C6W4	P0C6X6
P0C6W4	P0C6Y4
P0C6W4	P0C6X5
P0C6W4	P0C6U6
P0C6W4	Q98VG9
P0C6W4	Q3Y5H1
P0C7A3	P0C7A3
P0C7A3	Q96T53
P0C870	P0C870
P0CS83	P0CS83
P0CX82	P0CX82
P0CY54	P0CY54
P0DMS9	P0DMS9
P0DP23	P0DP23
P0DP23	P27482
P0DP23	P62157
P0DPA2	P0DPA2
P0DPD8	P0DPD8
P0DPD8	P07861
P0DPD8	P08049
P0DPD8	P08473
P0DPD8	Q61391
P0DPD8	P42892
P0DPD8	P42891
P0DPD8	P42893
P0DPD8	Q495T6
P0DPI0	P0DPI0
P0DPI0	P0DPI1
P0DPI0	Q45894
P0DPI0	P10844
P0DPI0	P30996
P0DPI0	Q00496
P10070	P10070
P10070	P08151
P10070	P47806
P10123	P10123
P10123	P12271
P10145	P10145
P10153	P10153
P10173	P10173
P10173	Q59388
P10236	P10236
P10274	P10274
P10274	Q82134
P10274	Q82323
P10443	P10443
P10443	O34623
P10481	P10481
P10515	P10515
P10515	P9WIS7
P10520	P10520
P10520	P96471
P10613	P10613
P10613	Q16850
P10613	Q64654
P10613	Q7Z1V1
P10613	A2TEF2
P10613	P9WPP8
P10613	P9WPP9
P10613	Q96W81
P10613	A1XG20
P10619	P10619
P10620	P10620
P10620	A0SYQ0
P10620	O14684
P10620	Q9JM51
P10636	P10636
P10636	P29172
P10636	P19332
P10646	P10646
P10688	P10688
P10739	P10739
P10768	P10768
P10809	P10809
P10938	P10938
P10938	P11086
P10938	O55239
P10938	P40261
P10938	O95050
P10938	O97972
P10997	P10997
P11137	P11137
P11172	P11172
P11172	P07817
P11274	P11274
P11308	P11308
P11411	P11411
P18074	P18074
P18298	P18298
P18298	P31153
P18298	Q00266
P18298	B1LDF1
P18405	P18405
P18405	P24008
P18405	P31213
P18405	P31214
P18440	P18440
P18440	P50293
P18440	P50295
P18440	O86309
P18584	P18584
P18688	P18688
P18688	P46019
P18848	P18848
P18858	P18858
P18886	P18886
P18886	P23786
P19021	P19021
P19112	P19112
P19112	P00636
P19112	P09467
P19112	Q9QXD6
P19139	P19139
P19139	P28523
P19139	P68400
P19139	Q60737
P19156	P19156
P19156	P05023
P19156	P05024
P19156	P50997
P19156	P50993
P19205	P19205
P19320	P19320
P19419	P19419
P19438	P19438
P19440	P19440
P19440	P07314
P19621	P19621
P19711	P19711
P19821	P19821
P19838	P19838
P19971	P19971
P19971	Q5FVR2
P19971	B1LEI7
P19971	B7MNI9
P19971	P07650
P19971	Q8XB35
P20035	P20035
P20035	P00492
P20272	P20272
P20272	P21554
P20272	P47746
P20272	P34972
P20272	P47936
P20272	Q9QZN9
P20618	P20618
P20618	O09061
P20645	P20645
P20749	P20749
P20831	P20831
P20831	P05653
P20831	P0AES4
P20831	P9WG47
P20831	P0AFI2
P20831	Q45066
P20831	P0C1U9
P20831	Q2FYS4
P20916	P20916
P20933	P20933
P21183	P21183
P21236	P21236
P21236	P02979
P21236	P13956
P21275	P21275
P21281	P21281
P21549	P21549
P21583	P21583
P21588	P21588
P21588	P21589
P21588	Q61503
P21643	P21643
P21643	P48775
P21643	P48776
P21673	P21673
P21687	P21687
P21912	P21912
P22083	P22083
P22083	Q11130
P22083	Q11128
P22083	P51993
P22083	Q9Y231
P22301	P22301
P22307	P22307
Q8TDQ0	Q8TDQ0
Q8TDR2	Q8TDR2
Q8TDS5	Q8TDS5
Q8TDU6	Q8TDU6
Q8TDU6	Q80SS6
Q8TDU6	Q80T02
Q8TDU9	Q8TDU9
Q8TDX5	Q8TDX5
Q8TDX6	Q8TDX6
Q8TE04	Q8TE04
Q8TE04	Q9BZ23
Q8TE04	Q9H999
Q8TEK3	Q8TEK3
Q8TF40	Q8TF40
Q8TF76	Q8TF76
Q8VBX4	Q8VBX4
Q8VCC1	Q8VCC1
Q8VCC1	O08699
Q8VCC1	P15428
Q8VCR2	Q8VCR2
Q8VCR2	Q7Z5P4
Q8VNN2	Q8VNN2
Q8VNN2	P00722
Q8WQX9	Q8WQX9
Q8WSF8	Q8WSF8
Q8WSF8	P58154
Q8WTS6	Q8WTS6
Q8WTV0	Q8WTV0
Q8WTV0	Q61009
Q8WTV0	Q07969
Q8WTX7	Q8WTX7
Q8WU20	Q8WU20
Q8WUM9	Q8WUM9
Q8WUM9	Q08357
Q8WVB3	Q8WVB3
Q8WVY7	Q8WVY7
Q8WWR8	Q8WWR8
Q8WWR8	Q9UQ49
Q8WWR8	Q9Y3R4
Q8WWT9	Q8WWT9
Q8WWT9	Q67BT3
Q8WWT9	Q8CJ44
Q8WWT9	Q13183
Q8WWT9	Q86YT5
Q8WXE1	Q8WXE1
Q8WXS5	Q8WXS5
Q8WXS5	Q8VHW5
Q8WXS5	Q9Y698
Q8WYB5	Q8WYB5
Q8WYB5	Q8BZ21
Q8WYB5	Q92794
Q8WYB5	O95251
Q8WYN0	Q8WYN0
Q8WYN0	Q9Y4P1
Q8WZA2	Q8WZA2
Q8WZA2	Q9EQZ6
Q8WZA2	O95398
Q8Z5I4	Q8Z5I4
Q8ZEY1	Q8ZEY1
Q91VJ1	Q91VJ1
Q91XB0	Q91XB0
Q91XB0	Q9NSU2
Q920L1	Q920L1
Q920L1	O60427
Q920L1	Q920R3
Q920L1	O95864
Q920L1	Q9Z0R9
Q920L1	Q9Z122
Q92499	Q92499
Q92551	Q92551
Q92551	Q96PC2
Q92551	Q9UHH9
Q92560	Q92560
Q92564	Q92564
Q92564	Q9BTE7
Q92630	Q92630
Q92698	Q92698
Q92743	Q92743
Q92793	Q92793
Q92793	Q09472
Q9BVJ7	Q9BVJ7
Q9BVS4	Q9BVS4
Q9BX63	Q9BX63
Q9BX84	Q9BX84
Q9BX84	Q96QT4
Q9BX84	Q923J1
Q9BXU1	Q9BXU1
Q9BY32	Q9BY32
Q9BYW2	Q9BYW2
Q9BZ95	Q9BZ95
Q9BZ95	O96028
Q9BZE4	Q9BZE4
Q9BZM1	Q9BZM1
Q9BZX2	Q9BZX2
Q9C000	Q9C000
Q9C0B1	Q9C0B1
Q9C0H9	Q9C0H9
Q9C5U0	Q9C5U0
Q9C5U0	Q9C5U1
Q9CAJ0	Q9CAJ0
Q9CAK8	Q9CAK8
Q9CAK8	P62617
Q9CAK8	P9WKG5
Q9D2Y4	Q9D2Y4
Q9D2Y4	Q8NB16
Q9D6K9	Q9D6K9
Q9D6K9	Q6ZMG9
Q9D6K9	Q9HA82
Q9D6K9	Q924Z4
Q9D6K9	Q96G23
Q9D8T2	Q9D8T2
Q9D8T2	P57764
Q9DAR7	Q9DAR7
Q9DAR7	Q96C86
Q9EP73	Q9EP73
Q9EP73	Q9NZQ7
Q9EP73	Q9BQ51
Q9EP73	Q9WUL5
Q9EP86	Q9EP86
Q9EP86	Q9GZQ6
Q9EPB1	Q9EPB1
Q9EPB1	Q9UHL4
Q9EPB1	P42785
Q9EPB1	Q7TMR0
Q9EPB7	Q9EPB7
Q9EPB7	Q9GZN0
Q9EPK8	Q9EPK8
Q9EPK8	Q9ERZ8
Q9EPK8	Q9HBA0
Q9EPK8	E9PU00
Q9EPK8	Q4QYD9
Q9EPK8	Q8K424
Q9EPK8	Q8NET8
Q9EPK8	Q6R5A3
Q9EPK8	O35433
Q9EPK8	Q704Y3
Q9EPK8	Q8NER1
Q9EPK8	Q9Y5S1
Q9EPK8	Q9WUD2
Q9EPK8	Q9WTR1
Q9EQC5	Q9EQC5
Q9FBC5	Q9FBC5
Q9FBI2	Q9FBI2
Q9FD53	Q9FD53
Q9FD70	Q9FD70
Q9FD70	P24752
Q9FD70	P17764
Q9FD70	Q9BWD1
Q9FG87	Q9FG87
Q9FG87	Q38860
Q9FUJ3	Q9FUJ3
Q9FVC8	Q9FVC8
Q9FVC8	Q9LZX6
Q9GRG6	Q9GRG6
Q9GV45	Q9GV45
Q9GZQ8	Q9GZQ8
Q9GZQ8	Q9H492
Q9GZR1	Q9GZR1
Q9GZT4	Q9GZT4
Q9GZT4	Q9QZX7
Q9GZT9	Q9GZT9
Q9GZT9	P59722
Q9GZT9	Q9H6Z9
Q9GZT9	Q96KS0
Q9GZU1	Q9GZU1
Q9GZU1	Q8IZK6
Q9GZU1	Q8TDD5
Q9GZU7	Q9GZU7
Q9GZV9	Q9GZV9
Q9JIM1	Q9JIM1
Q9JIM1	O54698
Q9JIM1	Q99808
Q9JIM1	O54699
Q9JIM1	Q14542
Q9JIP4	Q9JIP4
Q9JJ09	Q9JJ09
Q9JJ09	O95436
Q9JJ09	Q60825
Q9JJ09	Q80SU6
Q9JJ09	Q8K4R8
Q9JJ09	Q8N130
Q9JJX7	Q9JJX7
Q9JJX7	O95551
Q9JJX7	Q5XJA0
Q9KL41	Q9KL41
Q9N1E2	Q9N1E2
Q9N623	Q9N623
Q9NAW4	Q9NAW4
Q9NAW4	Q9NBA7
Q9NAW4	A0A060INS8
Q9NAW4	P00786
Q9NAW4	P09668
Q9NAW4	O60911
Q9NAW4	P06797
Q9NAW4	P07711
Q9NAW4	P25975
Q9NAW4	P07154
Q9NAW4	Q3ZKN1
Q9NAW4	O35186
Q9NAW4	P43235
Q9NAW4	P43236
Q9NAW4	P55097
Q9NAW4	P00784
Q9NAW4	Q63088
Q9NAW4	Q9N6S8
Q9NAW4	Q3HTL5
Q9NAW4	Q9NBD4
Q9NAW4	P08176
Q9NFS5	Q9NFS5
Q9NFS5	Q4CXJ6
Q9NFS5	Q6QA75
Q9NNX6	Q9NNX6
Q9NNX6	Q9H2X3
Q9NP58	Q9NP58
Q9NP59	Q9NP59
Q9NP59	Q9JHI9
Q9NP77	Q9NP77
Q9NPB1	Q9NPB1
Q9NPB1	Q8TCD5
Q9NPC1	Q9NPC1
Q9NPC1	Q15722
Q9NPD8	Q9NPD8
Q9NPD8	P61077
Q9NPD8	P61088
Q9NPD8	P63146
Q9NPD8	P63279
Q9NPH5	Q9NPH5
Q9NPH5	P04839
Q9NPH5	Q9Y5S8
Q9NPH5	Q9HBY0
Q9NQ90	Q9NQ90
Q9NQ90	Q5XXA6
Q9NQ90	Q8BHY3
Q9NQ90	Q8CFW1
Q9NQC3	Q9NQC3
Q9NQC7	Q9NQC7
Q9NQR1	Q9NQR1
Q9NQV7	Q9NQV7
Q9NQV7	Q60493
Q9NQZ5	Q9NQZ5
Q9NQZ5	Q9UKL6
Q9NR19	Q9NR19
Q9NR22	Q9NR22
Q9NR22	Q5VLE3
Q9NR22	Q63009
Q9NR22	Q99873
Q9NR30	Q9NR30
Q9NR56	Q9NR56
Q9NR63	Q9NR63
Q9NR63	O43174
Q9NR82	Q9NR82
Q9NR82	P56696
Q9NR82	Q9JK96
Q9NR82	O43525
Q9NR82	O43526
Q9NR82	O88943
Q9NR82	Q9Z351
Q9NRA0	Q9NRA0
Q9NRA0	Q9JIA7
Q9NRA0	Q9NYA1
Q9NRA0	Q8CI15
Q9NRA2	Q9NRA2
Q9NRC8	Q9NRC8
Q9NRD9	Q9NRD9
Q9NRD9	Q9NRD8
Q9NRF9	Q9NRF9
Q9NRG4	Q9NRG4
Q9NRG4	Q9H7B4
Q9NRM0	Q9NRM0
Q9NRM0	Q3T9X0
Q9NRM0	P11168
Q9NRM0	P11166
Q9NRM0	P11167
Q9NRM0	P14142
Q9NRM0	P11169
Q9NRM0	P14672
Q9NRM0	P19357
Q9NRM0	Q9NY64
Q9NRW4	Q9NRW4
Q9NRX4	Q9NRX4
Q9NRY4	Q9NRY4
Q9NS67	Q9NS67
Q9NS86	Q9NS86
Q9NSA3	Q9NSA3
Q9NSD7	Q9NSD7
Q9NSD7	Q99788
Q9NSD7	P97468
Q9NSD7	P33766
Q9NSD7	Q9NS75
Q9NSD7	Q2NNR4
Q9NSD7	Q2NNR5
Q9NSD7	Q9Y271
Q9NSD9	Q9NSD9
Q9NSE4	Q9NSE4
Q9NSE4	P00956
Q9NSE4	P41972
Q9NSY1	Q9NSY1
Q9NTG7	Q9NTG7
Q9NTG7	T1VXA1
Q9NTK5	Q9NTK5
Q9NU22	Q9NU22
Q9NUW8	Q9NUW8
Q9NUX5	Q9NUX5
Q9NV35	Q9NV35
Q9NVM4	Q9NVM4
Q9NVS9	Q9NVS9
Q9NVV5	Q9NVV5
Q9NWH9	Q9NWH9
Q9NWT6	Q9NWT6
Q9NX46	Q9NX46
Q3I4V7	Q3I4V7
Q3I4V7	Q9HVB9
Q3MHW7	Q3MHW7
Q3MHW7	Q5BJF2
Q3MHW7	Q5U3Y7
Q3MHW7	Q8VD00
Q3MIX3	Q3MIX3
Q3MIX3	Q86TW2
Q3S5C3	Q3S5C3
Q3T905	Q3T905
Q3T906	Q3T906
Q3TRM4	Q3TRM4
Q3UFF7	Q3UFF7
Q3UFF7	Q5VWZ2
Q3UFF7	O95372
Q3UFF7	O75608
Q3UP24	Q3UP24
Q3UP24	Q9NPP4
Q42840	Q42840
Q43077	Q43077
Q43445	Q43445
Q460N5	Q460N5
Q460N5	Q460N3
Q49PX0	Q49PX0
Q4ACU6	Q4ACU6
Q4E4E1	Q4E4E1
Q4FZB7	Q4FZB7
Q4FZV0	Q4FZV0
Q4G0J3	Q4G0J3
Q4J6C6	Q4J6C6
Q4QEW7	Q4QEW7
Q4QEW7	P28272
Q4U2R8	Q4U2R8
Q4U2R8	O35956
Q4U2R8	Q8VC69
Q4U2R8	O08966
Q4U2R8	O15244
Q4U2R8	O15245
Q4U2R8	Q3ZAV1
Q4U2R8	Q96S37
Q4U2R8	Q80UJ1
Q4U2R8	Q8TCC7
Q4U2R8	Q9NSA0
Q4U2R8	O75751
Q4U2R8	Q9H015
Q50565	Q50565
Q50565	P9WPJ7
Q51504	Q51504
Q52WX2	Q52WX2
Q53729	Q53729
Q53781	Q53781
Q53EL6	Q53EL6
Q53GL7	Q53GL7
Q53H12	Q53H12
Q53I59	Q53I59
Q53I59	Q53I60
Q54801	Q54801
Q54801	P00380
Q54801	P00381
Q54801	P0A017
Q54801	P0ABQ4
Q56UN5	Q56UN5
Q58D13	Q58D13
Q5A7N4	Q5A7N4
Q5CZ29	Q5CZ29
Q5DUH8	Q5DUH8
Q5DUH8	Q42656
Q5DX21	Q5DX21
Q5EAD5	Q5EAD5
Q5FVP8	Q5FVP8
Q5FVP8	A0A8I3NDW2
Q5FVP8	Q96PD7
Q5FVP8	Q58HT5
Q5FVP8	Q6E213
Q5FVP8	Q6ZPD8
Q5FVP8	Q3SYC2
Q5FVP8	Q80W94
Q5FVP8	Q86VF5
P08487	P08487
P08487	P10686
P08487	P19174
P08546	P08546
P08574	P08574
P08620	P08620
P08648	P08648
P08648	P06756
P08648	P08514
P08659	P08659
P08659	Q01158
P08659	Q26304
P08659	Q27757
P08679	P08679
P08686	P08686
P08689	P08689
P08689	P04278
P08799	P08799
P08799	Q789A4
P08799	P35579
P08799	P35580
P08799	P05659
P08799	Q6URW6
P08799	Q7Z406
P08799	Q9UKX2
P08799	P12882
P08799	P79293
P08799	Q28641
P08799	Q9BE40
P08799	Q9BE41
P08842	P08842
P08842	P15589
P08842	P15289
P08865	P08865
P08962	P08962
P09038	P09038
P09057	P09057
P09057	P11926
P09057	P27117
P09172	P09172
P09172	P15101
P09211	P09211
P09391	P09391
P09429	P09429
P09488	P09488
P09488	P28161
P09651	P09651
P09660	P09660
P09660	Q04844
P09790	P09790
P09884	P09884
P0A031	P0A031
P0A031	A5Z1V5
P0A031	P9WN95
P0A031	P0A9A6
P0A0H5	P0A0H5
P0A0I7	P0A0I7
P0A0J7	P0A0J7
P0A2Y6	P0A2Y6
P0A6M2	P0A6M2
P0A722	P0A722
P0A749	P0A749
P0A752	P0A752
P0A752	C3L5T6
P0A7A9	P0A7A9
P0A7A9	P9WI55
P0A7G6	P0A7G6
P0A881	P0A881
P0A8F0	P0A8F0
P0A8V2	P0A8V2
P0A8V2	Q3YUZ7
P0A8V2	P9WGY9
P0A9J6	P0A9J6
P0A9J8	P0A9J8
P0A9M5	P0A9M5
P0ABR7	P0ABR7
P0AD65	P0AD65
P0AE05	P0AE05
P0AE70	P0AE70
P0AEJ2	P0AEJ2
P0AES6	P0AES6
P0AES6	P0C1S7
P0AES6	A0QNE0
P0AES6	P0C559
P0AES6	P0A0K8
P0AES6	Q7X1P7
P0AEU0	P0AEU0
P0C0J0	P0C0J0
Q6UCJ9	Q6UCJ9
Q6UCJ9	P0AEK4
Q6UCJ9	P44432
Q6UCJ9	Q5NGQ3
Q6UCJ9	Q2FZQ3
Q6UCJ9	Q6GI75
Q6UWP7	Q6UWP7
Q6V1X1	Q6V1X1
Q6V1X1	E1BI31
Q6V1X1	Q86TI2
Q6VAB6	Q6VAB6
Q6VAB6	Q8IVT5
Q6WQJ1	Q6WQJ1
Q6WQJ1	Q9Y4D2
Q6WQJ1	Q8NCG7
Q6WQJ1	Q91WC9
Q6XQN6	Q6XQN6
Q6YP21	Q6YP21
Q6YP21	Q16773
Q6ZN16	Q6ZN16
Q6ZSR9	Q6ZSR9
Q700B8	Q700B8
Q70CQ3	Q70CQ3
Q71SY5	Q71SY5
Q75NA5	Q75NA5
Q75NA5	P28472
Q75NA5	P48169
Q75NA5	P14867
Q75NA5	P19969
Q75NA5	P20236
Q75NA5	P23576
Q75NA5	P28471
Q75NA5	P30191
Q75NA5	P31644
Q75NA5	P34903
Q75NA5	P47869
Q75NA5	P62813
Q75NA5	Q16445
Q76I76	Q76I76
Q76LX8	Q76LX8
Q76NL8	Q76NL8
Q79EC5	Q79EC5
Q7A2Q4	Q7A2Q4
Q7DHH4	Q7DHH4
Q7KQK5	Q7KQK5
Q7KQK5	Q94661
Q7L2E3	Q7L2E3
Q7L5A8	Q7L5A8
Q7LBC6	Q7LBC6
Q7LBC6	Q9Y4C1
Q7LFL8	Q7LFL8
Q7LFL8	Q9H2H0
Q7RTN6	Q7RTN6
Q7RTX0	Q7RTX0
Q7RTX0	Q7RTX1
Q7T1G6	Q7T1G6
Q7TQN8	Q7TQN8
Q7TQN8	A0A1U8CD06
Q7TQN8	A0A8C0THM6
Q7TQN8	Q7TQP3
Q7YTA4	Q7YTA4
Q7YTA4	P97687
Q7YTA4	P55772
Q7YTA4	P49961
Q7YTA4	Q9Y5L3
Q7YTA4	Q5MY95
Q7YTA4	O75355
Q7Z418	Q7Z418
Q7Z478	Q7Z478
Q7Z478	O43143
Q7Z478	Q7L7V1
Q7Z478	Q80VY9
Q7Z478	Q8IX18
Q7Z4H4	Q7Z4H4
Q7Z569	Q7Z569
Q7Z5Q5	Q7Z5Q5
Q7Z5W3	Q7Z5W3
Q7Z601	Q7Z601
Q7Z601	Q7TQN9
Q7Z601	Q6DWJ6
Q7Z601	P0C0W8
Q7Z628	Q7Z628
Q7Z628	Q498M6
Q7Z739	Q7Z739
Q7Z739	Q9BYJ9
Q7Z739	Q9Y5A9
Q80W54	Q80W54
Q80WQ2	Q80WQ2
Q81RP3	Q81RP3
Q81VW8	Q81VW8
Q81WF0	Q81WF0
P14927	P14927
P15169	P15169
P15169	P14384
P15260	P15260
P15309	P15309
P15311	P15311
P15319	P15319
P15328	P15328
P15328	P14207
P15374	P15374
P15374	Q9JKB1
P15374	P09936
P15374	Q9R0P9
P15379	P15379
P15379	P16070
P15382	P15382
P15385	P15385
P15385	P22459
P15385	P10499
P15385	Q09470
P15385	P16389
P15385	P17659
P15385	P17658
P15385	P22001
P15385	P15384
P15385	P16390
P15385	P22460
P15389	P15389
P15389	A2APX8
P15389	P04774
P15389	P35498
P15389	O08562
P15389	Q62205
P15389	O88420
P15389	Q9WTU3
P15389	P04775
P15389	Q99250
P15389	P15390
P15389	P35499
P15389	Q01118
P15389	Q14524
P15389	Q5YLN7
P15389	Q15858
P15389	Q6QIY3
P15389	Q62968
P15389	Q9NY46
P15389	P08104
P15389	Q9UQD0
P15389	Q9Y5Y9
P15389	Q9UI33
P15389	O88457
P15498	P15498
P15692	P15692
P15840	P15840
P15907	P15907
P15907	P13721
P15917	P15917
P15941	P15941
P16066	P16066
P16066	P18910
P16066	P17342
P16066	P41740
P16066	P70180
P16098	P16098
P16109	P16109
P16109	P14151
P16110	P16110
P16110	P17931
P16110	P09382
P16110	P11762
P16110	P16045
P16110	O54974
P16110	P47929
P16152	P16152
P16154	P16154
P16154	P18177
P16220	P16220
P16233	P16233
P16233	P00591
P16257	P16257
P16257	P30535
P16257	P30536
P16257	P50637
P16278	P16278
P16278	D3ZUM4
P16278	Q58D55
P16444	P16444
P16453	P16453
P16453	O88533
P16455	P16455
P16473	P16473
P16473	P21463
P16473	P16235
P16473	F5A8F7
P16473	P22888
P16473	P30730
P16473	P23945
P16473	P20395
P16551	P16551
P16732	P16732
P16753	P16753
P16778	P16778
P16788	P16788
P17181	P17181
P17301	P17301
P17301	P56199
P17302	P17302
P17302	P29033
P17325	P17325
P17325	P05412
P17405	P17405
P17405	Q0VD19
P17597	P17597
P17597	A7XBP7
P17597	C0L093
P17597	J7HAW4
P17599	P17599
P17707	P17707
P17812	P17812
P17812	P70303
P17812	P70698
P17812	Q5U2N0
P17812	Q9NRF8
P17952	P17952
P17952	Q9HW02
P47712	P47712
P47863	P47863
P47863	P29972
P48023	P48023
P48050	P48050
P48050	P35561
P48050	P63252
P48050	P35560
P48050	P48048
P48050	P78508
P48050	O60928
P48061	P48061
P48549	P48549
P48549	P63251
P48549	P48051
P48549	P48544
P48549	Q14654
P48651	P48651
P48974	P48974
P48974	P47901
P48974	P30518
P48974	Q00788
P48974	P30559
P48974	P70536
P48974	P97926
P48974	Q9R1L2
P48974	P37288
P48974	P30560
P48974	Q62463
P48974	Q9WTV9
P49019	P49019
P49019	Q80Z39
P49019	Q8TDS4
P49019	Q9EP66
P49019	B9UM26
P49019	B9UM29
P49019	G3V906
P49019	Q8C131
P49019	Q9BXC0
P49019	P47900
P49019	P49651
P49019	P49652
P49019	P51582
P49019	O35811
P49019	Q96P68
P49219	P49219
P49219	P48039
P49219	P49286
P49281	P49281
P49281	P49279
P49354	P49354
P49354	P29702
P49354	Q04631
P49366	P49366
P49407	P49407
P49411	P49411
P49448	P49448
P49585	P49585
P49589	P49589
P49638	P49638
P49653	P49653
P49653	Q9UBL9
P49653	P47824
P49653	P51575
P49653	P51576
P49653	Q93086
P49653	P51577
P49653	Q99571
P49653	Q9JJX6
P49653	P51579
P49674	P49674
P49674	M3VH47
P49674	O19175
P49674	P48729
P49674	P48730
P49674	P67827
P49674	P81123
P49674	P97633
P49674	Q06486
P49674	Q8IHZ9
P49674	Q8N752
P49674	Q9DC28
P49721	P49721
P49721	Q9R1P3
P49748	P49748
P49763	P49763
P49768	P49768
P49768	P49810
P49773	P49773
P49773	P70349
P49789	P49789
P49795	P49795
P49795	Q9UGC6
P49798	P49798
P49798	O15492
P49798	P57771
P49802	P49802
P49842	P49842
P49891	P49891
P49891	P49888
P49891	P15709
P49891	P50225
P49891	P17988
P49891	Q06520
P49902	P49902
P49915	P49915
P49917	P49917
P49959	P49959
P50053	P50053
P50053	P97328
P50053	Q02974
P50127	P50127
P50127	P14769
P50135	P50135
P50135	Q9EST2
Q9GZX6	Q9GZX6
Q9GZZ1	Q9GZZ1
Q9H0A0	Q9H0A0
Q9H0J9	Q9H0J9
Q9H0J9	Q9NR21
Q9H160	Q9H160
Q9H1D0	Q9H1D0
Q9H1D0	Q9NQA5
Q9H1R2	Q9H1R2
Q9H237	Q9H237
Q9H237	Q9JJJ7
Q9H255	Q9H255
Q9H2J4	Q9H2J4
Q9H300	Q9H300
Q9H3H5	Q9H3H5
Q9H422	Q9H422
Q9H422	Q86Z02
Q9H422	Q9H2X6
Q9H4A3	Q9H4A3
Q9H4A3	Q96J92
Q9H4A3	Q9BYP7
Q9H4A3	Q9Y3S1
Q9H4L4	Q9H4L4
Q9H665	Q9H665
Q9H6P5	Q9H6P5
Q9H6S1	Q9H6S1
Q9H773	Q9H773
Q9H792	Q9H792
Q9H7D0	Q9H7D0
Q9H7D0	B2RY04
Q9H7D0	Q92608
Q9H7M9	Q9H7M9
Q9H7M9	Q9D659
Q9H7Z7	Q9H7Z7
Q9H816	Q9H816
Q9H8M2	Q9H8M2
Q9H9B1	Q9H9B1
Q9H9B1	Q9Z148
Q9H9B1	Q96KQ7
Q9HAS3	Q9HAS3
Q9HAS3	Q62773
Q9HAS3	O00337
Q9HAS3	O43868
Q9HB21	Q9HB21
Q9HBE4	Q9HBE4
Q9HBK9	Q9HBK9
Q9HBL8	Q9HBL8
Q9HBX9	Q9HBX9
Q9HBX9	Q8WXD0
Q9HC16	Q9HC16
Q9HC16	Q9UH17
Q9HC16	P31941
Q9HC23	Q9HC23
Q9HC62	Q9HC62
Q9HCE5	Q9HCE5
Q9HCE7	Q9HCE7
Q9HCE7	Q9HAU4
Q9HCG7	Q9HCG7
Q9HCG7	Q69ZF3
Q9HCI5	Q9HCI5
Q9HCL2	Q9HCL2
Q9HCN6	Q9HCN6
Q9HD36	Q9HD36
Q9HD89	Q9HD89
Q9HUU1	Q9HUU1
Q9HX69	Q9HX69
Q9HYR3	Q9HYR3
Q9HZK0	Q9HZK0
Q9I194	Q9I194
Q9I4X3	Q9I4X3
Q9I8D0	Q9I8D0
Q9IH62	Q9IH62
P03126	P03126
P03138	P03138
P03206	P03206
P03211	P03211
P03359	P03359
P03377	P03377
P03377	P04578
P03377	Q72502
P03377	Q76270
P03377	P19550
P03377	P35961
P03377	Q6QLK5
P03377	P04618
P03406	P03406
P03409	P03409
P03418	P03418
P03420	P03420
P03421	P03421
P03433	P03433
P03433	P13166
P03433	P31343
P03433	Q9IQ47
P03437	P03437
P03437	P03438
P03437	B4URE7
P03437	P03452
P03437	P12590
P03887	P03887
P03950	P03950
P04014	P04014
P04036	P04036
P04040	P04040
P04053	P04053
P04141	P04141
P04177	P04177
P04177	P00439
P04177	Q8IWU9
P04177	P09810
P04177	P17752
P04177	Q8CGU9
P04180	P04180
P04181	P04181
P04233	P04233
P04276	P04276
P04276	P02774
P04303	P04303
P04303	P20536
P04326	P04326
P04386	P04386
P04439	P04439
P04545	P04545
P04628	P04628
P04628	P56703
P04628	P27467
P04628	P56704
P04665	P04665
P04694	P04694
P04792	P04792
P04792	P02511
P04792	P02489
P04805	P04805
P04993	P04993
P05067	P05067
P05067	P08592
P05111	P05111
P05112	P05112
P05113	P05113
P05113	P04401
P05121	P05121
P05141	P05141
P05141	P12236
P05162	P05162
P05177	P05177
P05177	P05185
P05177	P05093
P05177	Q2XVA1
P05177	P11715
P05198	P05198
P05227	P05227
P05231	P05231
P05305	P05305
P05362	P05362
P05556	P05556
P05556	P18564
P05556	P26012
P05793	P05793
P05866	P05866
P05982	P05982
P05982	P15559
P05982	P16083
P06149	P06149
Q9UBS5	Q9UBS5
Q9UBS5	Q9Z0U4
Q9UBT2	Q9UBT2
Q9UBT6	Q9UBT6
Q9UBU7	Q9UBU7
Q9UBX1	Q9UBX1
Q9UBZ9	Q9UBZ9
Q9UDY8	Q9UDY8
Q9UF12	Q9UF12
Q9UGJ0	Q9UGJ0
Q9UGJ0	P54619
Q9UGP5	Q9UGP5
Q9UGP5	P06746
Q9UGP5	P06766
Q9UH92	Q9UH92
Q9UHC9	Q9UHC9
Q9UHC9	A0MJA4
Q9UHC9	A0MJA5
Q9UHC9	Q6T3U3
Q9UHC9	Q6T3U4
Q9UHC9	O15118
Q9UHD2	Q9UHD2
Q9UHD2	Q9WUN2
Q9UHD2	Q14164
Q9UHD8	Q9UHD8
Q9UHF0	Q9UHF0
Q9UHI5	Q9UHI5
Q9UHI5	P63116
Q9UHI5	Q01650
Q9UHI5	Q63016
Q9UHI5	Q9UPY5
Q9UHJ3	Q9UHJ3
Q9UIG0	Q9UIG0
Q9UIV1	Q9UIV1
Q9UJ42	Q9UJ42
Q9UJQ4	Q9UJQ4
Q9UJU2	Q9UJU2
Q9UK17	Q9UK17
Q9UK17	Q63881
Q9UK17	Q9NZV8
Q9UK80	Q9UK80
Q9UKK3	Q9UKK3
Q9UKK9	Q9UKK9
Q9UKM7	Q9UKM7
Q9UKN7	Q9UKN7
Q9UKP5	Q9UKP5
Q9UKP5	Q9UHI8
Q9UKP5	O75173
Q9UKP5	Q9R001
Q9UKP5	Q9TT92
Q9UKP5	Q9UNA0
Q9UKS7	Q9UKS7
Q9UKS7	Q13422
Q9UKS7	Q9UKT9
Q9UKU6	Q9UKU6
Q9UKU6	P15144
Q9UKU6	P97449
Q9UKU6	P15145
Q9UKU6	P55786
Q9UKU6	P97629
Q9UKU6	Q9UIQ6
Q9UKU6	Q07075
Q9UKU6	Q6P179
Q9UKU6	Q9NZ08
Q9UKU6	Q9EQH2
Q9UKV8	Q9UKV8
Q9ULC4	Q9ULC4
Q9ULI0	Q9ULI0
Q9ULK4	Q9ULK4
Q9ULM3	Q9ULM3
Q9ULZ1	Q9ULZ1
Q9UMN6	Q9UMN6
Q9UMW8	Q9UMW8
Q9UNA4	Q9UNA4
Q9UNA4	Q6R3M4
Q9UNH5	Q9UNH5
Q9UNQ0	Q9UNQ0
Q9UPC5	Q9UPC5
Q9UPC5	Q9R1K6
Q9UPC5	A0A2J8P2M1
Q9UPC5	O35881
Q9UPC5	Q15391
Q9UPC5	Q9ESG6
Q9UPC5	Q13304
Q9UPC5	Q09QM4
Q9UPC5	Q6NS65
Q9UPC5	P21556
Q9UPC5	P25105
Q9UPC5	Q9BXC1
Q9UPC5	Q14330
Q9UPC5	Q9BPV8
Q9UPC5	Q9EPX4
Q9UPC5	Q9H244
Q9UPS6	Q9UPS6
Q9UPU5	Q9UPU5
Q9UPU5	Q93008
Q9UUZ4	Q9UUZ4
Q9VFK6	Q9VFK6
Q9WRL0	Q9WRL0
Q06278	Q06278
Q06278	H9TB17
Q06278	Q00519
Q06278	P22985
Q06278	P47989
Q06278	P80457
Q06278	P19921
Q06330	Q06330
Q06495	Q06495
Q06495	Q06496
Q06643	Q06643
Q06830	Q06830
Q06992	Q06992
Q07071	Q07071
Q07071	Q14397
Q07071	Q91X44
Q07108	Q07108
Q07806	Q07806
Q07889	Q07889
Q07889	Q07890
Q07973	Q07973
Q07973	Q09128
Q08050	Q08050
Q08397	Q08397
Q08397	P45845
Q08397	P33072
Q08397	P28300
Q08397	P28301
Q08642	Q08642
Q08642	Q9Y2J8
Q08642	Q9ULC6
Q08642	Q9ULW8
Q08642	Q9Z183
Q08642	Q9UM07
Q08752	Q08752
Q08752	P23284
Q08752	P45877
Q08752	P62937
Q08752	O43447
Q08752	Q9Y3C6
Q09327	Q09327
Q09429	Q09429
Q09429	O60706
Q09429	Q09428
Q09429	O15440
Q09429	P33527
Q09429	O15438
Q09429	Q92887
Q09429	Q63120
Q10469	Q10469
Q10469	Q09326
Q10469	Q921V5
Q11203	Q11203
Q11203	Q02734
Q11205	Q11205
Q11205	Q11201
Q11205	Q6H8N0
Q12791	Q12791
Q12791	Q62976
Q12794	Q12794
Q12797	Q12797
Q12834	Q12834
Q12888	Q12888
Q12906	Q12906
Q13011	Q13011
Q13057	Q13057
Q13093	Q13093
Q13093	Q60963
Q13118	Q13118
Q13123	Q13123
Q13126	Q13126
Q13126	Q9CQ65
Q13126	Q9HZK1
Q13148	Q13148
Q13155	Q13155
Q13191	Q13191
Q13233	Q13233
Q13247	Q13247
Q13309	Q13309
Q13315	Q13315
Q13480	Q13480
Q13501	Q13501
Q13510	Q13510
Q13510	Q6P7S1
Q13510	Q5KTC7
Q13510	Q02083
Q13519	Q13519
Q13523	Q13523
Q13541	Q13541
Q5HH78	Q5HH78
Q5HH78	Q721J8
Q5HYI8	Q5HYI8
Q5JRX3	Q5JRX3
Q5JRX3	Q8K411
Q5KSL6	Q5KSL6
Q5KSL6	Q16760
Q5M848	Q5M848
Q5M848	Q96D31
Q5S006	Q5S006
Q5S006	Q5S007
Q5SK48	Q5SK48
Q5SWA1	Q5SWA1
Q5T1V6	Q5T1V6
Q5T1V6	P38919
Q5T2D3	Q5T2D3
Q5T601	Q5T601
Q5T6S3	Q5T6S3
Q5T6S3	O43189
Q5TC84	Q5TC84
Q5TCY1	Q5TCY1
Q5TCY1	Q6IQ55
Q5TIX5	Q5TIX5
Q5U431	Q5U431
Q5U431	A6QR73
Q5U431	O43194
Q5U431	O88319
Q5U431	P20789
Q5U431	P30989
Q5U431	O43193
Q5U431	A5A4K8
Q5U431	Q63384
Q5U431	O95665
Q5U5Z8	Q5U5Z8
Q5U9J1	Q5U9J1
Q5VTY9	Q5VTY9
Q5VV17	Q5VV17
Q5VVQ6	Q5VVQ6
Q5VVY1	Q5VVY1
Q5VVY1	Q9BV86
Q5VWK5	Q5VWK5
Q5VWQ8	Q5VWQ8
Q60714	Q60714
Q60714	Q6PCB7
Q60714	Q6P1M0
Q60714	O14975
Q61091	Q61091
Q61091	O75084
Q61180	Q61180
Q61584	Q61584
Q61584	P51114
Q61584	Q5XI81
Q61584	P51116
Q62172	Q62172
Q62448	Q62448
Q62668	Q62668
Q62668	Q13336
Q62668	P97689
Q62668	Q8VHL0
Q63008	Q63008
Q8IYB4	Q8IYB4
Q8IYD1	Q8IYD1
Q8IYD1	P15170
Q8IYD1	Q05639
Q8IYD1	P68104
Q8IYM2	Q8IYM2
Q8IZ08	Q8IZ08
Q8JUX5	Q8JUX5
Q8K3Y3	Q8K3Y3
Q8K3Y3	Q9H9Z2
Q8KRU5	Q8KRU5
Q8MTZ4	Q8MTZ4
Q8N122	Q8N122
Q8N163	Q8N163
Q8N2K0	Q8N2K0
Q8N2K0	Q99LR1
Q8N371	Q8N371
Q8N474	Q8N474
Q8N543	Q8N543
Q8N5K1	Q8N5K1
Q8N5K1	B0K020
Q8N5K1	Q9NZ45
Q8N5Y8	Q8N5Y8
Q8N6M0	Q8N6M0
Q8N6M0	Q7L8S5
Q8N6T3	Q8N6T3
Q8N6T7	Q8N6T7
Q8N884	Q8N884
Q8N884	Q8C6L5
Q8N9N2	Q8N9N2
Q8NBP7	Q8NBP7
Q8NEC5	Q8NEC5
Q8NEV4	Q8NEV4
Q8NEV4	Q8WXR4
Q8NFI3	Q8NFI3
Q8NFU5	Q8NFU5
Q8NFU7	Q8NFU7
Q8NFU7	O43151
Q8NFV4	Q8NFV4
Q8NG06	Q8NG06
Q8NG68	Q8NG68
Q8NHM5	Q8NHM5
Q8NHM5	Q9Y2K7
Q8NHM5	Q6PCT2
Q8NI60	Q8NI60
Q8NI60	Q96D53
Q8NQE1	Q8NQE1
Q8NQE1	P9WNU7
Q8R116	Q8R116
Q8R116	Q6P988
Q8R2Y2	Q8R2Y2
Q8RLA6	Q8RLA6
Q8RLA6	Q9L4P2
Q8RLA6	P14489
Q8RLA6	Q6XEC0
Q8RLA6	Q50H31
Q8T6J6	Q8T6J6
Q8T8E7	Q8T8E7
Q8T8E9	Q8T8E9
Q8T8E9	Q14376
Q8TA74	Q8TA74
Q8TA74	A2AGL3
Q8TA74	P21817
Q8TA74	B0LPN4
Q8TA74	E9PZQ0
Q8TA74	P11716
Q8TA74	Q92736
Q8TA74	E9Q401
Q8TA74	Q8WN72
Q8TA74	Q24498
Q8TAX0	Q8TAX0
Q8TB45	Q8TB45
Q8TBC4	Q8TBC4
Q8TBE9	Q8TBE9
Q8TBK2	Q8TBK2
Q8TCT0	Q8TCT0
Q8TCT1	Q8TCT1
Q8TCT7	Q8TCT7
Q8TCT7	D3ZNG3
Q8TCT7	Q9JJF9
Q8TCT7	Q8TCT8
Q8TCW9	Q8TCW9
Q8TCW9	Q8NFJ6
Q8TD19	Q8TD19
P11444	P11444
P11586	P11586
P11586	P13995
P11586	Q9H903
P11708	P11708
P11708	P40925
P11708	P10584
P11717	P11717
P11797	P11797
P11838	P11838
P11838	P06026
P11889	P11889
P11940	P11940
P12004	P12004
P12268	P12268
P12268	P20839
P12268	Q8T6T2
P12268	P0C0H6
P12268	P49058
P12268	A0A6L8P2U9
P12276	P12276
P12276	P12785
P12276	P19096
P12276	P49327
P12314	P12314
P12314	O75015
P12318	P12318
P12504	P12504
P12746	P12746
P12746	P35327
P12807	P12807
P12807	Q59118
P12872	P12872
P12955	P12955
P13267	P13267
P13267	P0C1P9
P13423	P13423
P13500	P13500
P13500	P10147
P13500	P13236
P13569	P13569
P13569	P34158
P13612	P13612
P13661	P13661
P13667	P13667
P13667	P05307
P13667	P07237
P13667	P30101
P13667	P10599
P13674	P13674
P13674	P16924
P13726	P13726
P13807	P13807
P13807	P54840
P13864	P13864
P13864	P26358
P14060	P14060
P14060	P26439
P14174	P14174
P14174	P30904
P14174	P34884
P14209	P14209
P14222	P14222
P14222	P10820
P14262	P14262
P14415	P14415
P14415	P54709
P14598	P14598
P14635	P14635
P14735	P14735
P14735	Q9JHR7
P14778	P14778
P14859	P14859
P14859	P09086
P14904	P14904
P06278	P06278
P06280	P06280
P06280	D3ZJF9
P06400	P06400
P06402	P06402
P06402	P07753
P06402	P69560
P06402	Q31945
P06402	Q9XQA6
P06479	P06479
P06479	Q6L709
P06479	Q9QNF7
P06479	A3RLP8
P06479	P13159
P06492	P06492
P06672	P06672
P06702	P06702
P06709	P06709
P06709	I6YFP0
P06730	P06730
P06730	P29338
P06730	P63073
P06733	P06733
P06733	P09104
P06748	P06748
P06804	P06804
P06804	P01375
P06821	P06821
P06821	P0DOF8
P06850	P06850
P06850	P01143
P06856	P06856
P06873	P06873
P06873	P00780
P06873	P29599
P06935	P06935
P06935	A0A024B7W1
P06935	A0A143MHK7
P06935	Q32ZE1
P06935	P17763
P06935	P33478
P06935	P14340
P06935	P29990
P06935	P29991
P06935	Q91H74
P06935	V5TFZ2
P06935	P27915
P06935	Q58HT7
P06935	A0A024AXB9
P07099	P07099
P07099	Q9D379
P07112	P07112
P07141	P07141
P07147	P07147
P07147	P11344
P07147	P14679
P07202	P07202
P07202	P49290
P07202	P11678
P07203	P07203
P07203	P36969
P07254	P07254
P07254	Q4AE59
P07305	P07305
P07306	P07306
P07313	P07313
P07374	P07374
P07374	Q0PXQ5
P07374	P14916
P07374	P41020
P07379	P07379
P07379	P35558
P07384	P07384
P07384	P35750
P07384	P97571
P07384	O14815
P07384	P17655
P07384	P43367
P07445	P07445
P07602	P07602
P07639	P07639
P07683	P07683
P07686	P07686
P07686	P06865
P07738	P07738
P07738	P18669
P07738	Q9DBJ1
P07740	P07740
P07741	P07741
P07752	P07752
P07752	P00883
P07814	P07814
P07911	P07911
P07996	P07996
P08037	P08037
P08037	P15291
P08047	P08047
P08138	P08138
P08138	Q9Z0W1
P08174	P08174
P08192	P08192
P08240	P08240
P08243	P08243
P08294	P08294
P08294	P00441
P30519	P30519
P30519	P23711
P30519	P06762
P30519	P09601
P30552	P30552
P30552	P56481
P30552	P30553
P30552	P32239
P30552	P30551
P30552	O08786
P30552	P32238
P30552	Q63931
P30572	P30572
P30572	P23316
P30679	P30679
P30679	P50148
P30679	P04899
P30679	P08754
P30679	P09471
P30838	P30838
P30994	P30994
P30994	Q02152
P31040	P31040
P31224	P31224
P31323	P31323
P31323	P13861
P31327	P31327
P31327	P0A6F1
P31350	P31350
P31389	P31389
P31389	P35367
P31389	P70174
P31389	P31390
P31389	P08485
P31389	Q8VH25
P31389	P06199
P31389	P08172
P31389	P08482
P31389	P11229
P31389	P12657
P31389	Q8WMX0
P31550	P31550
P31639	P31639
P31639	P53792
P31639	Q923I7
P31639	P53790
P31639	P13866
P31639	Q91ZP4
P31639	Q9NY91
P31639	Q9QXI6
P31689	P31689
P31939	P31939
P31947	P31947
P31947	P63104
P31947	P61981
P31947	Q04917
P32019	P32019
P32198	P32198
P32198	P50416
P32198	Q63704
P32198	Q92523
P32240	P32240
P32240	P35408
P32240	P43114
P32240	Q28691
P32240	Q9TU16
P32245	P32245
P32245	P56450
P32245	P70596
P32245	P32244
P32245	P33033
P32245	P41968
P32245	P33032
P32245	P41149
P32245	Q01718
P32245	Q01726
P32245	Q01727
P32320	P32320
P32322	P32322
P32322	P54904
P32418	P32418
P32842	P32842
P32897	P32897
P32929	P32929
P32929	Q8VCN5
P33012	P33012
P33316	P33316
P33905	P33905
P33981	P33981
P33991	P33991
P34897	P34897
P34897	P34896
P34897	Q9U638
P34913	P34913
P34913	Q6Q2C2
P34913	P34914
P34913	P80299
P34913	P95276
P34949	P34949
P35125	P35125
P35173	P35173
P35222	P35222
P35226	P35226
P35270	P35270
P35329	P35329
P35329	P20273
P35414	P35414
P35414	O08726
P35414	O60755
P35428	P35428
P35428	Q14469
P35439	P35439
P35439	Q05586
P35463	P35463
P35463	P21451
P35463	P24530
P35463	P48302
P35463	P25101
P35463	P26684
P35463	Q29010
P35463	Q61614
P35475	P35475
P35520	P35520
P35520	P9WP55
P35568	P35568
P35574	P35574
P35638	P35638
P35638	P35639
P35713	P35713
P35713	P43680
P35790	P35790
P35790	Q9Y259
P36025	P36025
P36639	P36639
P36776	P36776
P36956	P36956
P36956	Q12772
P37058	P37058
P37058	O54939
P37058	P70385
P37268	P37268
P37268	Q02769
P37268	Q4Q5W4
P37340	P37340
P37840	P37840
P38024	P38024
P38024	P22234
P38117	P38117
P38398	P38398
P38571	P38571
P38605	P38605
P38605	P48450
P38605	P48449
P38605	Q96WJ0
P38646	P38646
P38646	P11021
P38646	P19120
P38646	P0DMV8
P38646	P11142
P38646	P17066
P38646	P54652
P38646	Q39830
P38646	V9GZ37
P38650	P38650
P38936	P38936
P39045	P39045
P39052	P39052
P39052	P21575
P39052	P50570
P39052	Q05193
P39052	O00429
P40136	P40136
P40189	P40189
P40238	P40238
P40337	P40337
P40495	P40495
P40763	P40763
P40763	P42227
P40763	P42224
P40763	P42225
P40818	P40818
P40881	P40881
P40933	P40933
P40933	P48346
P41182	P41182
P41182	Q8N143
P41212	P41212
P41245	P41245
P41245	P50282
P41245	P14780
P41250	P41250
P41250	Q04451
P41279	P41279
P41440	P41440
P41543	P41543
P41594	P41594
P41594	P31424
P41594	Q3UVX5
P41594	P23385
P41594	P97772
P41594	Q13255
P41594	P35400
P41594	Q14831
P41594	Q68ED2
P41594	O00222
P41594	P70579
P41594	O15303
P41594	P35349
P41594	P31421
P41594	Q14416
P41594	P31422
P41594	Q14832
P41594	P31423
P41594	Q14833
P41594	Q68EF4
P41594	P35384
P41594	P41180
P41594	P48442
P41594	Q9QY96
P41594	Q8K4Z6
P41948	P41948
P42124	P42124
P42124	Q92800
P42124	B5DFE2
P42124	Q15910
P42226	P42226
P42226	P52633
P42226	P42229
P42226	P42232
P42226	P51692
P42285	P42285
P42535	P42535
P42568	P42568
P42568	Q03111
P42575	P42575
P42639	P42639
P42676	P42676
P42676	Q9BYT8
P42677	P42677
P42858	P42858
P43004	P43004
P43004	O35921
P43004	P24942
P43004	P43003
P43004	P43005
P43004	Q15758
P43004	Q9Z1J7
P43071	P43071
P43071	P78595
P43115	P43115
P43115	P30557
P43115	P34980
P43115	P35375
P43115	P34995
P43115	P70597
P43115	P43117
P43115	P43088
P43115	P43118
P43251	P43251
P43251	O95497
P43251	Q4KLZ0
P43251	Q9Z0K8
P43253	P43253
P43253	P43119
P43253	P21731
P43253	P30987
P43253	Q62053
P43253	Q62928
P43253	P43116
P43253	P70263
P43253	Q13258
P43351	P43351
P43428	P43428
P43490	P43490
P43490	Q80Z29
P43490	Q99KQ4
P43686	P43686
P43912	P43912
P45880	P45880
P45973	P45973
P45973	P83916
P45973	Q13185
P45975	P45975
P45975	O43463
P45975	Q9H5I1
P46095	P46095
P46095	P46089
P46116	P46116
P46510	P46510
P46736	P46736
P46934	P46934
P46937	P46937
P46939	P46939
P46939	E9Q6R7
P46952	P46952
P46952	P46953
P50554	P50554
P50554	P61922
P50554	P80147
P50554	P80404
P50583	P50583
P50591	P50591
P50747	P50747
P51161	P51161
P51161	P02692
P51161	P07148
P51161	P12710
P51530	P51530
P51532	P51532
P51532	P51531
P51570	P51570
P51570	Q9R0N0
P51580	P51580
P51587	P51587
P51608	P51608
P51617	P51617
P51656	P51656
P51656	P14061
P51656	P51657
P51656	Q9GME2
P51659	P51659
P51659	Q99714
P51787	P51787
P51787	O70344
P51788	P51788
P51810	P51810
P51878	P51878
P51948	P51948
P51965	P51965
P52270	P52270
P52270	P04789
P52270	P00939
P52270	P60174
P52292	P52292
P52565	P52565
P52655	P52655
P52700	P52700
P53007	P53007
P53041	P53041
P53041	H0YDU8
P53041	P53042
P53041	Q9BPW0
P53041	P67775
P53051	P53051
P53051	P07265
P53051	P38158
P53051	P53341
P53184	P53184
P53396	P53396
P53396	P16638
P53539	P53539
P53582	P53582
P53582	P0AE18
P53582	P0A079
P53582	Q5HEN6
P53624	P53624
P53634	P53634
P53634	Q3ZCJ8
P53634	O97578
P53634	P80067
P53634	P97821
P53634	Q6R7Z5
P53634	P90627
P53634	P00787
P53634	H9B8T9
P53634	P07688
P53634	P07858
P53634	P10605
P53704	P53704
P53985	P53985
P53985	P53987
P53985	Q63344
P53985	O60669
P53985	P57787
P53985	O15427
P54098	P54098
P54132	P54132
P54132	P46063
P54149	P54149
P54252	P54252
P54252	Q9H3M9
P54284	P54284
P54292	P54292
P54292	Q9RMS5
P54292	P25084
P54300	P54300
P54493	P54493
P54577	P54577
P54578	P54578
P54690	P54690
P54690	P54687
P54690	O35854
P54690	O15382
P54697	P54697
P54697	Q02440
P54803	P54803
P54803	P54818
P55011	P55011
P55055	P55055
P55055	Q62755
P55058	P55058
P55072	P55072
P55085	P55085
P55085	Q63645
P55085	Q15077
P55085	Q63371
P55085	Q9ERK9
P55085	O00398
P55085	Q8BFU7
P55085	Q9BXA5
P55085	Q6IYF9
P55085	Q99MT6
P55157	P55157
P55347	P55347
P56524	P56524
P56524	Q9UKV0
P56524	Q8WUI4
